ID,タイプ,SKU,"GTIN, UPC, EAN, or ISBN",名前,公開済み,オススメですか ?,カタログでの表示,簡単な説明,説明,セール価格の開始日,セール価格の終了日,課税ステータス,税区分,在庫の有無,在庫,在庫量わずか,お取り寄せを許可する ?,個別に販売しますか ?,重量 (kg),長さ(cm),幅 (cm),高さ (cm),カスタマーレビューを許可しますか ?,注意事項,セール価格,標準価格,カテゴリー,タグ,配送クラス,画像,ダウンロード制限,ダウンロード有効期限日,親,セット販売商品,アップセル,クロスセル,外部 URL,ボタンのテキスト,位置
,simple,,,aim@（エイムアット）,1,0,visible,生徒の演習量を3倍以上に引き上げる学習塾特化型ICT教材です！,"サービス概要

aim@はあらゆる生徒のニーズに対して、演習量をUPさせることに特化したICT教材です。

学習塾には学力や学習進度が異なる様々な生徒が通っているため、講師は生徒一人ひとりに合った指導を行うのに非常に時間と労力がかかってしまいます。
例えば、


・ 英数は普段から学習しているから理社の定期テスト対策をしたい


・ 生徒から英検対策をしたいと言われるが、教材や講師不足で対策ができない


・ 地域に沿った入試問題で生徒に一人一人に対策がしたい

などが挙げられます。

aim@には、定期テスト対策コンテンツを中心に、様々な演習コンテンツが搭載されているため、生徒レベルや進み具合にあった最適な演習問題を提供します。
サービスの特長

特長１

生徒の個別ニーズに対応した演習教材
特長２

講師の手間なく生徒一人で学習を進められる
特長３

指導スタイルを崩さず手軽に利用できる
相性が良くない塾・今後の改善点

個別指導・集団指導・自立型など様々な塾で導入いただいております。
新機能・新コンテンツも随時アップデート中です。
オススメの活用法

学習塾の指導時間中の活用だけではなく、授業のない生徒の自習室の演習教材や家庭学習、宿題などのピンポイントの場面の演習としてもご活用いただけます。詳細の活用方法を知りたい方はお気軽にお問い合わせください。
料金体系

詳細をまとめている資料に記載しております！お気軽にダウンロードください！
https://mates-app.jp/aim/document-form/
導入を検討されている方へのメッセージ

aim@は2021年4月のリリースから全国の学習塾様に導入いただいています！
自社で運営している教室の実証実験をもとに、生徒の成績UPを確認してから提供をしているのも一つの強みです。
気になる方はお気軽にお問い合わせください。",,,taxable,,1,,,0,0,,,,,1,,,,AI学習,"新規生徒の増加, 人材不足の解消, 業務の効率化, 授業外における家庭学習の充実, 5教科以外の指導, オンラインコースの立ち上げ",,"https://edu-match.com/wp-content/uploads/aim-logo.webp, https://edu-match.com/wp-content/uploads/aim-img01.webp, https://edu-match.com/wp-content/uploads/aim-img02.webp, https://edu-match.com/wp-content/uploads/aim-img05.webp, https://edu-match.com/wp-content/uploads/aim-img06.webp",,,,,,,,,98
,simple,,,基本のキ,1,0,visible,基礎・基本を徹底定着 映像授業+専用教材=一体型の学習システム,"サービス概要

中1~3年の英語・数学・国語・理科・社会における各単元の「基本」を映像授業と専用教材で分かりやすく学習できるサービスです。個別指導での利用はもちろん、集団指導・家庭学習のサポートなど様々なシーンでご活用いただけます。

映像授業の動画数は約2,000本。各単元の基本中の基本を理解できる動画でおこなっているため、苦手単元の克服だけでなく、初めて学ぶ単元の予習にも最適です。

学習の進捗や理解度を記録できる学習管理機能が搭載されているため、学習レポートや修了証の印刷も可能です。
サービスの特長

特長１

いまさら聞けない基本事項を丁寧に解説
特長２

基本事項の確認だけでなく基本問題の解説まで収録
特長３

専用テキストだから映像を見ながら書き込める
相性が良くない塾・今後の改善点

教科によってテキストの分量が違います",,,taxable,,0,,,0,0,,,,,1,,,,教材作成,授業外における家庭学習の充実,,https://edu-match.com/wp-content/uploads/kihon-ki-logo.webp,,,,,,,,,100
,simple,,,天神X,1,0,visible,1400教室以上の実績。1学年1教科から6教科セットまで対応のICT教材,"サービス概要

「天神」30年の実績を結集。 教科書準拠×個別最適化で「誰も取り残さない」クラウド型ICT教材（2025年11月発売）として「天神X」が登場しました。

教科書準拠×個別最適化で「誰も取り残さない」クラウド型ICT教材として2025年11月に発売された新商品。

IT導入補助金をはじめ各種補助金に対応。

・対応学年： 小学1年生〜中学3年生（全学年）
・対応教科： 国語、数学(算数)、理科、社会、英語、生活
・学習機能： 教科書準拠、スモールステップ、動画レクチャー、音声読み上げ、一問一答、類題反復
・管理機能： リアルタイムモニタリング、カリキュラム作成（学年またぎ可）、宿題管理、成績分析、保護者機能
・動作環境： クラウド型Webアプリ（Windows, Mac, ChromeOS, iPad, Android対応）
・料金：利用人数に応じたID課金プラン（家庭学習機能も標準搭載）
サービスの特長

特長１

全国の教科書に準拠（カバー率：小学100％、中学99.8％）
特長２

生徒毎に「個別最適」なカリキュラムを自在に設定
特長３

「フリー・課題・宿題」3つのモードでシームレスな学び",,,taxable,,0,,,0,0,,,,,1,,,,教材作成,授業外における家庭学習の充実,,"https://edu-match.com/wp-content/uploads/tenjin_x_logo.webp, https://edu-match.com/wp-content/uploads/tenjin_img02.webp, https://edu-match.com/wp-content/uploads/tenjin_img03.webp, https://edu-match.com/wp-content/uploads/tenjin_img04.webp, https://edu-match.com/wp-content/uploads/tenjin_img05.webp, https://edu-match.com/wp-content/uploads/tenjin_img06.webp, https://edu-match.com/wp-content/uploads/tenjin_img07.webp, https://edu-match.com/wp-content/uploads/tenjin_img08.webp",,,,,,,,,100
,simple,,,基本のキ　思考力編,1,0,visible,高校入試に必要な思考力を育む！ 映像授業+専用教材の一体型の学習システム！！,"サービス概要

高校入試合格に必要不可欠となった「思考力・表現力」を追われる問題を映像授業と専用教材で分かりやすく学習できるサービスです。

専用教材は書き込みができる教材を使用しているため、解答へ至るための考え方や思考すべきプロセスを動画の解説に沿って理解できます。
サービスの特長

特長１

丁寧で分かりやすい映像授業
特長２

テキストに書き込みながら受講できます
特長３

別冊の詳細な解答解説もあります
相性が良くない塾・今後の改善点

どうしても映像授業の時間が長くなります",,,taxable,,0,,,0,0,,,,,1,,,,教材作成,授業外における家庭学習の充実,,https://edu-match.com/wp-content/uploads/kihon-ki-shikoryoku-logo.webp,,,,,,,,,100
,simple,,,デジタルドリル　中学版,1,0,visible,一問一答と選択問題をいつでもどこでも！ 学書の中学生向け教材をデジタルで学習,"サービス概要

一問一答形式の問題はもちろん、選択肢形式の問題を大問単位で学習できるデジタルドリルサービスです。

基本から受験レベルの問題を繰り返しできるお得な4教科セット（英語・数学・理科・社会）でのサービスです。
サービスの特長

特長１

一問一答レベルから受験レベルまでを網羅
特長２

受験用リスニング教材もラインナップに
特長３

デジタルだからこそ繰り返し解ける
相性が良くない塾・今後の改善点

自動採点ではなく自己採点する必要があります",,,taxable,,0,,,0,0,,,,,1,,,,教材作成,授業外における家庭学習の充実,,https://edu-match.com/wp-content/uploads/digital-drill-jh-logo.webp,,,,,,,,,100
,simple,,,デジタルドリル　小学英語,1,0,visible,小学英語の定着はデジタルで！,"サービス概要

テキストと完全に連動しているデジタルドリルサービスです。

テキストで出てきた単語や表現を繰り返しパターン演習できるほか、音声も吹き込み式でチェックできる問題を用意しています。

テキストに連動しているからこそ効果的な学習と定着が図れます。
サービスの特長

特長１

テキストに完全連動したドリル
特長２

4技能に対応したチェックが可能
特長３

吹き込んだ音声の自動採点
相性が良くない塾・今後の改善点

小学校のコンテンツのみであること",,,taxable,,0,,,0,0,,,,,1,,,,教材作成,授業外における家庭学習の充実,,https://edu-match.com/wp-content/uploads/digital-drill.webp,,,,,,,,,100
,simple,,,Kazasu（カザス）,1,0,visible,写真で伝える入室管理システム,"サービス概要

写真付きで生徒の入室退室時間を管理、通知はメール以外に専用アプリやLINE（連携別途有償）でも可能です（遅刻や欠席も可能）。

校務面では面談や保護者会などの通知管理のほか請求関連機能もkazasuで一括管理できます。
サービスの特長

特長１

保護者が写真付きで確認できます
特長２

ICカードではないのでカードが安価
特長３

メール、専用アプリ、LINEなど多様な通知
相性が良くない塾・今後の改善点

夕日などがさす場面では認識しづらい",,,taxable,,0,,,0,0,,,,,1,,,,コミュニケーション,保護者とのコミュニケーションの円滑化,,https://edu-match.com/wp-content/uploads/kazasu-logo.webp,,,,,,,,,100
,simple,,,Hodoo ENGLISH（フードゥーイングリッシュ）,1,0,visible,英語の世界に飛び込める！ 「話す」に特化した英語学習プログラム,"サービス概要

ゲーミフィケーションを取り入れた学習方法で、スピーキングをはじめとした4技能向上を図るサービスです。

子どもたちは３Ｄバーチャル空間のなかで学習を進めることで、自然と英語に触れる時間を増やし、キャラクターとの会話（リスニング・リーディング・スピーキング・ライティング）を通じて英会話の経験を増やすことが出来ます。
サービスの特長

特長１

ゲームでの冒険を通じて無理なく「学習」
特長２

キャラクターとの会話なので恥ずかしくない！
特長３

ＬＭＳがあるのでやらせっぱなしになりません",,,taxable,,0,,,0,0,,,,,1,,,,教材作成,授業外における家庭学習の充実,,https://edu-match.com/wp-content/uploads/hodoo-english.webp,,,,,,,,,100
,simple,,,システムASSIST（アシスト）,1,0,visible,個別最適化・先生の負担軽減・子どもの学力アップを可能にする豊富な機能,"サービス概要

システムAssistに内蔵された映像コンテンツは約90000。
小学生から高校生まで、主要5科目を提供。

映像はテキストをもとに作成し、導入から問題の解答解説まで丁寧な説明が収録されています。

レベルは超基礎、基本、応用、発展と幅広い学力の生徒に対応できるものを取り揃え、教科書準拠、講習、入試、検定など目的・時期に応じて使い分けることができます。

これらの映像授業を効果的に学習し、且つ先生の負担軽減のために、様々な機能が搭載されています。
目的・レベル別の約1000種類の学習カリキュラム、学習課題の自動表示、映像授業にリンクした確認テスト・宿題プリント、自動採点機能、学習状況管理など。
サービスの特長

特長１

超基礎レベルのコンテンツからあります
特長２

自動化で先生の負担を軽減できます
特長３

年間の学習管理ができます
相性が良くない塾・今後の改善点

機能が多く、慣れるのに時間がかかります
オススメの活用法

ワンオペで複数生徒（1対20）の個別指導を行うことができます。
レベルに応じたテキストと授業中の指示の自動化で低い学力の生徒さんでも自分の力で課題をこなせます。
人件費率を下げる教室運営がお勧めです。
料金体系

直接お問い合わせください
導入を検討されている方へのメッセージ

まずは資料請求してください。その後、オンラインでの個別説明会で詳細をお伝えします。体験IDを発行しますので、実際にシステムを動かしていただければと思います。",,,taxable,,1,,,0,0,,,,,1,,,,その他,"新規生徒の増加, 保護者とのコミュニケーションの円滑化, 人材不足の解消, 業務の効率化, リモートワークの実現, 授業外における家庭学習の充実, オンラインコースの立ち上げ",,"https://edu-match.com/wp-content/uploads/assist.webp, https://edu-match.com/wp-content/uploads/assist01.webp, https://edu-match.com/wp-content/uploads/assist03.webp, https://edu-match.com/wp-content/uploads/assist04.webp",,,,,,,,,10
,simple,,,サス学クラウドサービスSGX（エスジーエックス）,1,0,visible,未来志向の塾様のために…未来を創る子どもたちを育むSDGs×探究型学習「サス学」,"サービス概要


SDGsに表されるような地球規模の課題が山積している今、子どもたちの学びの目的も、教科の枠組みや国境までをも超えて、世界をにらんだものとなるでしょう。そして、子どもたちの探究心を引き出す学びは、すべての教科の学習意欲に繋がり、基本的な学習姿勢を育みます。未来志向の塾様の教育現場にぜひ取り入れていただきたいと考えております。
サービスの特長

特長１

SDGsの学びを取り入れることができます。
特長２

探究型学習のコンテンツをご提供します。
特長３

ファシリテータとしての講師研修を行います。
相性が良くない塾・今後の改善点

ご導入のハードルが高く顧客ニーズ開拓が必要",,,taxable,,0,,,0,0,,,,,1,,,,教材作成,5教科以外の指導,,https://edu-match.com/wp-content/uploads/jc-sgx.webp,,,,,,,,,100
,simple,,,塾選（旧ベスト塾ガイド）,1,0,visible,＼集客のご担当者必見！／【初期費用無料】 塾検索サイト「塾選」のご利用で入塾率アップ,"サービス概要

『1ユーザー1教室』の問合せのため、ユーザーとコミュニケションが取りやすく、高い入塾率が期待できるメディアです。

成果報酬のため、初期費用・ランニングコストはかかりません。
※別途オプション利用をご希望される場合はかかるケースがございます。
サービスの特長

特長１

『WEB集客のプロ』がサイト運営
特長２

『1ユーザー1教室』高い入塾率が見込める
特長３

『ユーザーにとって価値ある情報』を提供
相性が良くない塾・今後の改善点

特になし",,,taxable,,0,,,0,0,,,,,1,,,,その他,新規生徒の増加,,https://edu-match.com/wp-content/uploads/logo-jukusen.jpg,,,,,,,,,100
,simple,,,AID（エイド）～英剣伝説 LMS～,1,0,visible,ゲーム型英語学習アプリ「英剣伝説 ～英語でRPG～」の学習の進捗状況や理解度を管理する学習管理システム,"サービス概要

「英剣伝説」は英語初心者に特化した、アルファベットから英検®3級レベルまでの英語力が身につくゲーム型学習教材で、参考書・単語帳・問題集のすべてがゲーム内にバランスよく組み込まれているため、楽しみながら体系的に英語学習ができます。  
そして「AID」では、生徒が「英剣伝説」で学習した状況や、進み具合、理解度、苦手項目などを、先生がビジュアル的に確認することができます。
サービスの特長

特長１

ゲーム型だから英語が楽しく学べる！
特長２

生徒の得意・不得意な分野がわかる！
特長３

生徒とのコミュニケーションのきっかけに！
相性が良くない塾・今後の改善点

ゲーム型なので熱中しすぎてしまうかも。。",,,taxable,,0,,,0,0,,,,,1,,,,教材作成,授業外における家庭学習の充実,,https://edu-match.com/wp-content/uploads/eid-logo1.webp,,,,,,,,,100
,simple,,,DreamDriven（ドリームドリブン）,1,0,visible,【未来力×国語力】本格的な勉強の前に夢や目標を見つけて子どもたちの〝学ぶモチベーション〟UP！,"サービス紹介動画


https://youtu.be/2yqHfhGOmP8


サービス概要

英語でもプログラミングでもない完全オンライン
【キャリア探究プログラム】
未来力×国語力　DreamDriven

こんなお悩みないですか・・・？

小学低学年コース
★集まらない
★続かない
★授業準備が大変

そんなお悩みをお持ちの
学習塾・学童様におすすめです！

現場での難しい作業は一切なし！
45分授業をZoomで配信します！

【3年間で120個のオシゴト】
★笑いあり、涙ありのオシゴトムービー
　子どもむけに作られていて飽きない工夫が！
★120個のオシゴトと生き方を学び、自分と向き合う
　4週目にはまとめのワークも取り入れます！
★成長の見える化で、親も安心！
　ドリドリBOOKという専用のノートを使用します。
★「聞く・書く・話す」で国語力もUP
　ドリドリル、冒険報告ミッションなど、国語力の強化に繋がる　プログラムも実施。
サービスの特長

特長１

授業準備ほぼ不要！オプションとしても最適
特長２

粗利もしっかり！1～4年生合同クラスOK
特長３

生徒が集まる！長期滞在の教育熱の高い生徒
相性が良くない塾・今後の改善点

教育理念にご共感いただけない塾様・学童様
オススメの活用法

教育熱の高い小学生低学年の新規募集に最適です！
レギュラーコースとの組み合わせオプションにしてもOK！

授業準備がほぼいらないのも魅力的♪
先生たちの時間が確保でき、人材不足の解消にも役立ちます！
料金体系

月額ロイヤリティ（税込）
１～４教室　　19800円
５教室以上　　18700円
１０教室以上　17600円
２０教室以上　16500円

通常7700円が提携塾なら35％オフの4950円で販売可能！
導入を検討されている方へのメッセージ

日本では遅れていると言われているキャリア教育。
夢がある子とない子では毎日の勉強時間に30分の差があるというデータも。
キャリア教育で勉強のモチベーションUP！

子どもたちに夢や憧れを持ってもらいたいそんな塾様・学童様へ
先生たちの手を煩わせることなく、最先端のオンラインキャリア教育をお届けします！

また、英語やプログラミングなどと差別化もはかることができます！

加盟説明会も随時実施中！
ぜひ一度お問い合わせください。",,,taxable,,1,,,0,0,,,,,1,,,,教材作成,"新規生徒の増加, 人材不足の解消",,"https://edu-match.com/wp-content/uploads/dream-driven.webp, https://edu-match.com/wp-content/uploads/dream-driven_01.webp, https://edu-match.com/wp-content/uploads/dream-driven_02.webp, https://edu-match.com/wp-content/uploads/dream-driven_03.webp, https://edu-match.com/wp-content/uploads/dream-driven_04.webp, https://edu-match.com/wp-content/uploads/dream-driven_05.webp",,,,,,,,,98
,simple,,,自立学習型能力開発プラットフォーム「TERRACE（テラス）」（速読解力講座／速読聴英語講座／新国語講座）,1,0,visible,速読力／英語力／読解力をトレーニングし、「言葉の力」を育むサービスです。,"サービス紹介動画


https://www.youtube.com/watch?v=Zy75Ryb8oKY
https://www.youtube.com/watch?v=IUSsCL4I5gI&t=1s
https://www.youtube.com/watch?v=IsLgjkbYosI


サービス概要

TERRACEは「言葉の力」を育むプラットフォームです。

【速読解力講座】
脳科学に基づいた学習法で「文章や資料を速く正確に読み解く力」「物事を論理的に考え正解を導き出す力」を鍛え、処理速度&正確に読み解く力へアプローチできます！

【速読聴英語講座】
 これからの英語教育や、入試に対応するために、英文を前から理解するための読む&聴くの2技能に特化したトレーニングで、英語長文読解力を身につけます！

【新国語講座】
国語力は「読解力」「表現力」の2つに整理できます。
新国語講座では、その中でも、すべての教科で必要となる読解力を鍛えるために、語彙・文法・論理力をトレーニングします！
サービスの特長

特長１

柔軟な講座設計と開講サポートで集客に貢献
特長２

授業や他教材との組合せで独自価値を創出
特長３

国語や英語授業との併用でICT×人を実現
相性が良くない塾・今後の改善点

意欲管理まで含めた完全自立型を目指します
オススメの活用法

講座設計例：
①教科授業×TERRACE
・国語×新国語
・英語×速読聴英語
②他教材×TERRACE
・プログラミング×速読解力
集客や差別化、人件費・講師労力削減のためにご活用いただいております。
料金体系

講座の組み合わせによって異なりますので、直接お問い合わせください。
導入を検討されている方へのメッセージ

導入から講座設計・運用まで一貫してサポートさせていただきます。


・ 募集に役立つ、開講準備ツールを無料でご提供します。


・ ご導入時にはインストラクター研修を実施し、他校集客実績を紹介する研修会も開催しています。


・ 講座運営や集客でお困りの際は、コンシェルジュにお任せください。",,,taxable,,1,,,0,0,,,,,1,,,,教材作成,"新規生徒の増加, 業務の効率化, 授業外における家庭学習の充実, 5教科以外の指導",,"https://edu-match.com/wp-content/uploads/sokunousokudoku-scaled.webp, https://edu-match.com/wp-content/uploads/sokunousokudoku_01.webp, https://edu-match.com/wp-content/uploads/sokunousokudoku_02.webp, https://edu-match.com/wp-content/uploads/sokunousokudoku_03.webp, https://edu-match.com/wp-content/uploads/sokunousokudoku_04.webp",,,,,,,,,10
,simple,,,コーチングスタディ,1,0,visible,6分×10本のコーチング研修動画で、生徒へのコーチングをマスター！,"サービス紹介動画


https://youtu.be/ZDtKceR774s
https://youtu.be/OkELSuqpTaw


サービス概要

アルバイト講師が始めに悩むことは、 「上手に教えられるかなぁ。」と、「生徒とうまく話せるかなぁ」の２つです。

前者の悩みは、教室長や先輩講師からのアドバイスで徐々に解決していくことだと思います。しかし後者の悩みを解決できている塾さんはほとんどありません。

そこで私たちは、生徒に対するコミュニケーションスキルを動画化し、たくさんのアルバイト講師の悩みを解決したいと考えました。

生徒へのコーチングは、生徒の学習意欲をあげ、生徒と講師の信頼関係をより強いものにしてくれます。  コーチングを塾で活性化することにより、「退塾防止」「紹介促進」「学力向上」「講師の退職防止」に繋がります。
サービスの特長

特長１

年額たったの１万円
特長２

何人でも何回でも見放題
特長３

見て終わりにしない、チェックテスト付
相性が良くない塾・今後の改善点

動画の視聴履歴を確認することが出来ない
オススメの活用法

講師採用後、1週間に1本の動画を視聴するよう促します。
チェックテストは、採点・コメントをして1週間以内に返却いたします。
全ての動画を視聴完了した講師には、1~2時間の事務給を支給することをお勧めします。
料金体系

初回導入費用：３万円
年使用料金　：１万円
導入を検討されている方へのメッセージ

コーチングを活用されている塾さんが増えています。
今のうちに、体系的なコーチングを塾全体で活用できるよう、コーチングスタディの導入をご検討ください。
いつでもZoomにて、コーチングスタディの詳細なご説明や使用方法をお話させていただきますので、お気軽にお問い合わせください。",,,taxable,,1,,,0,0,,,,,1,,,,教材作成,"新規生徒の増加, 保護者とのコミュニケーションの円滑化, スタッフとのコミュニケーションの円滑化",,"https://edu-match.com/wp-content/uploads/coachingstudy-logo.webp, https://edu-match.com/wp-content/uploads/coachingstudy01.webp, https://edu-match.com/wp-content/uploads/coachingstudy02.webp",,,,,,,,,11
,simple,,,educast（エデュキャス）,1,0,visible,参加型双方向ライブ授業配信からオンデマンド公開、受講管理まで備えたオールインワン配信システム,"サービス概要

講師と生徒が、インターネット上で積極的にやりとりできる授業を実現するために教育現場から生まれた参加型双方向ライブ授業配信システムです。

講師は各生徒の理解度を把握し、適度な双方向コミュニケーションも交えながら教室での集団授業をそのままオンラインに持ってきたかのような臨場感を伴う授業が実施できます。
サービスの特長

特長１

授業に特化したインターフェース
特長２

双方向機能で講師は生徒の理解度を瞬時に把握
特長３

ライブ後のオンデマンド公開は手間いらず
相性が良くない塾・今後の改善点

指名された生徒以外の映像は出ません。",,,taxable,,0,,,0,0,,,,,1,,,,授業管理,オンラインコースの立ち上げ,,https://edu-match.com/wp-content/uploads/educast.webp,,,,,,,,,100
,simple,,,遠隔個別指導システム「educast private（エデュキャスプライベート）」,1,0,visible,講師１人に対して４名までの独立したオンライン個別指導を１つの端末で実現可能,"サービス概要

受講生同士お互い映像が見えたり音声が聞こえたりすることなく プライバシーを守られた状態で授業に参加することができます。
講師は生徒全員の様子が常に把握できオンライン個別指導やオンライン自習室にご利用できます。
サービスの特長

特長１

受講生はボタン一つで講師に質問可能
特長２

質問内容を撮影した画像を講師に随時送信
特長３

生徒講師が相互に書けるホワイトボード搭載
相性が良くない塾・今後の改善点

インターネット環境が必要です。",,,taxable,,0,,,0,0,,,,,1,,,,授業管理,オンラインコースの立ち上げ,,https://edu-match.com/wp-content/uploads/educast-private.webp,,,,,,,,,100
,simple,,,ENAGEED（エナジード）,1,0,visible,次世代型キャリア教育 ENAGEED,"サービス概要

自分で考えて動き、小さな成功体験から大きな成功体験を自分で作れる状態へ。
「未来をつくる力」を身につけ、定着させるプログラムです。

VUCAと言われる不確実性の高い時代において必要な、
「自ら考え、動く力」や「問題を自分ごととして捉え、周りを巻き込んで解決していく力」を身につけるサポートをしております。

【ENAGEEDが提供するサービス】
未来をつくる力を理解する「ENAGEED CORE」
5教科の本質を理解し、学習に目的を持つ「ENAGEED BASE」
サービスの特長

特長１

自分で考え動く力を身につけるデジタル教材
特長２

コミュニケーションが活性化する仕組み
特長３

子どもが惹き込まれる高いデザイン性
相性が良くない塾・今後の改善点

初期費用が必要なため投資判断が必要です
オススメの活用法

課題解決型学習を進めながら、次世代に必要なマインドやスキルを養うことができます。
弊社教材をベースに、塾様にあった最適なカリキュラムをご提案させていただきます。
料金体系

直接お問い合わせください。
導入を検討されている方へのメッセージ

まずは、教材の中身をしっていただきたいので導入可否に関わらずオンラインにてご紹介の機会をいただければと思います。",,,taxable,,1,,,0,0,,,,,1,,,,教材作成,"保護者とのコミュニケーションの円滑化, スタッフとのコミュニケーションの円滑化, 業務の効率化, 授業外における家庭学習の充実, 5教科以外の指導",,"https://edu-match.com/wp-content/uploads/enageed.webp, https://edu-match.com/wp-content/uploads/enageed02.webp, https://edu-match.com/wp-content/uploads/enageed03.webp, https://edu-match.com/wp-content/uploads/enageed04.webp",,,,,,,,,11
,simple,,,塾コマ,1,0,visible,時間のかかるコマ割り業務を「塾コマ」で自動化して10分で簡単完了！,"サービス概要

塾コマとは、講師と生徒のコマ割りを自動で作成してくれる便利ツールです。講師の出勤可能時間と生徒の希望時間を入力すれば、塾コマが計算した人件費を抑えた最適なコマ割り結果を確認できます！
サービスの特長

特長１

生徒と講師の相性を考慮したコマ割りを作成
特長２

講師の時給を加味して人件費の最小化を実施
特長３

教師が連コマで入れるように調整！
相性が良くない塾・今後の改善点

個別指導塾を対象としたサービスです。",,,taxable,,0,,,0,0,,,,,1,,,,その他,業務の効率化,,https://edu-match.com/wp-content/uploads/zyukukoma.webp,,,,,,,,,100
,simple,,,学習システム・メビウスZERO（ゼロ）,1,0,visible,弱点反復型プリント学習システム,"サービス概要

小中高の40万題超をデータベース化。
単元・教科書ページと連動なので学校の学習進度・定期考査対策のオリジナルプリントを素早く作成できます。
バーコードが付いた特徴的なプリントで弱点克服の類題演習ができます。
サービスの特長

特長１

問題を組み合わせて簡単プリント作成
特長２

簡単操作で類題をぱっと出題
特長３

弱点だけのピンポイント学習",,,taxable,,0,,,0,0,,,,,1,,,,教材作成,業務の効率化,,https://edu-match.com/wp-content/uploads/kibigaku-logo.webp,,,,,,,,,100
,simple,,,Monoxer（モノグサ）,1,0,visible,Monoxerは「記憶定着」に特化した、解いて憶える記憶アプリです。,"サービス概要

生徒様の正答率や習熟度から、AIが生徒様ごとに忘却速度を割り出し、最適なタイミングで反復を促し、記憶のサポートをしてくれるアダプティブラーニング型学習サービスです。
サービスの特長

特長１

AIが生徒様ごとに「忘却速度」を算出
特長２

生徒様の「記憶度」をAIが見える化
特長３

5教科全てで利用可能
相性が良くない塾・今後の改善点

特になし",,,taxable,,0,,,0,0,,,,,1,,,,AI学習,授業外における家庭学習の充実,,https://edu-match.com/wp-content/uploads/monoxer-logo.webp,,,,,,,,,100
,simple,,,まならぶる,'-1,0,visible,学力向上 売上向上を実現する動画配信学習システム,"サービス概要

自塾のオリジナル動画コンテンツを、安心のセキュリティ体制で、手軽に配信することが可能です。
視聴分析機能で生徒の学習状況を可視化し現場でのコミュニケーションを最適化できます。
サービスの特長

特長１

IDとパスワードを発行した方に配信
特長２

視聴分析機能で学習状況を可視化
特長３

細かくカテゴリー分けし動画アクセスを手軽に
相性が良くない塾・今後の改善点

動画撮影や編集にコストがかかる点",,,taxable,,0,,,0,0,,,,,1,,,,教材作成,オンラインコースの立ち上げ,,https://edu-match.com/wp-content/uploads/manarable-logo.webp,,,,,,,,,100
,simple,,,Grow（グロウ）,1,0,visible,塾運営はこれ１つでOK！ 業界最安値の塾管理システム,"サービス概要

学習塾向けの管理システムです。入退室や授業スケジュール、成績、請求、お知らせ機能、アンケート機能、予約機能等、学習塾に関する業務を安価な利用料で一元管理できます。
サービスの特長

特長１

長年の実績とカスタマイズ可能なシステム
特長２

塾に必要な機能が網羅、且つ安価で利用可能
特長３

初期費用、サポート費用が無料
相性が良くない塾・今後の改善点

機能が多いため順序よく導入することが必要",,,taxable,,0,,,0,0,,,,,1,,,,その他,業務の効率化,,https://edu-match.com/wp-content/uploads/grow-logo.webp,,,,,,,,,100
,simple,,,みんがく,1,0,visible,オンライン自習室サービス＆家庭学習クラウド,"サービス紹介動画


https://youtu.be/sLjGdVilhyA


サービス概要

家庭でも勉強をがんばりたい塾生の支援に特化した、管理人常駐のオンライン学習ルームです。
現在の自習室を生徒の家庭に拡張することにより、時間・場所にしばられない運営を実現します。
自宅にいる生徒が、前向きに授業の復習・宿題をこなせる環境を提供します。
サービスの特長

特長１

管理人常駐の活気ある学習空間
特長２

最適な家庭学習指導を実現
特長３

安心の365日開室
相性が良くない塾・今後の改善点

インターネット環境が必要です。
オススメの活用法

【活用事例１】塾生の学習量大幅アップ＋労働時間マイナス！？
週3回の料金で、「週2回教室＋週1回みんがく」という新コースを創設し、塾生の学習量の大幅アップと働き方改革を実現した個別指導塾の事例（それまでは、週2回がメイン）があります。

【活用事例２】開校1年目の個人塾から県内最上位トップ校合格！？
みんがくで、娯楽の時間を塾生自身が管理できるようになり、開校1年目から県内トップ校合格を出した自立指導塾の事例があります。

【活用事例３】家庭での学習が変わった　～集団指導×みんがく～
集団指導でこれまでカバーできなかったきめ細かい指導を、みんがくを導入することでできるようになり、保護者から「自分から家庭学習をするようになった」という喜びの声が続々と届いている集団指導塾の事例があります。
料金体系

お問い合わせください。
導入を検討されている方へのメッセージ

「生徒は塾では頑張るのに、家に帰ると勉強しない・・・」とお悩みの塾の先生がいらっしゃれば、ぜひみんがくを一度試してみてください！これまで、ブラックボックス化してしまっていた家庭学習が見える化され、家庭学習まで含めた指導のトータルマネジメントが可能になります。",,,taxable,,1,,,0,0,,,,,1,,,,AI学習,"人材不足の解消, 業務の効率化, リモートワークの実現, 授業外における家庭学習の充実, 5教科以外の指導, オンラインコースの立ち上げ",,"https://edu-match.com/wp-content/uploads/mingaku-logo.webp, https://edu-match.com/wp-content/uploads/mingaku01.webp, https://edu-match.com/wp-content/uploads/mingaku02.webp, https://edu-match.com/wp-content/uploads/mingaku03.webp, https://edu-match.com/wp-content/uploads/mingaku04.webp, https://edu-match.com/wp-content/uploads/mingaku05.webp, https://edu-match.com/wp-content/uploads/mingaku06.webp",,,,,,,,,98
,simple,,,ICT教材eboard（イーボード）,1,0,visible,子どもたちの「理解」と「定着」を実現する 映像授業とデジタル問題集のICT教材eboard,"サービス概要

ICT教材eboard（イーボード）は、「映像授業＋デジタルドリル」の組み合わせで、「理解＋定着」を実現するICT教材です。
約2,000本の映像授業と10,000問のデジタルドリルで「理解＋定着」をサポート。
クラウド型教材のため、インストールやソフトウェアの更新は不要。ネット環境があれば、端末やOSを問わず、教室からも家庭からも利用できます。
映像授業と連動したテキスト教材「動画ノート」で、映像授業を見ながら書きこむ、わからない問題の解説を見るなど、活用の幅が広がります。
サービスの特長

特長１

「映像授業＋ドリル」で→「理解＋定着」を実現
特長２

初期費用なし、月額１教室9,000円（税別）のクラウド型教材
特長３

映像授業と連動したテキスト教材「動画ノート」
相性が良くない塾・今後の改善点

教科書レベルの基本問題が中心のため、応用問題は少なめです。",,,taxable,,0,,,0,0,,,,,1,,,,教材作成,授業外における家庭学習の充実,,https://edu-match.com/wp-content/uploads/eboard-logo.webp,,,,,,,,,100
,simple,,,幼児低学年向けエジソンクラブ教材,1,0,visible,幼児低学年向け自立型自学自習教材,"サービス概要

エジソンクラブでは、幼児低学年向けの自立型、自学自習教材を
提供しています。


・ 幼児低学年向けの98段階のスモールステップ式教材


・ 導入用の案内動画あり


・ 教室登録（30,000円）のみで、団体用価格で教材を導入可能


・ 教室運営用の各種導入教材資料提供


・ 導入に向けた個別相談は随時受付


サービスの特長

特長１

初回の教室登録料のみで始められる
特長２

導入1000教室以上、30年を超える実績
特長３

他社教材との併用可能
相性が良くない塾・今後の改善点

低学年指導を考えていない教室",,,taxable,,0,,,0,0,,,,,1,,,,その他,新規生徒の増加,,https://edu-match.com/wp-content/uploads/ejisonclub-logo.webp,,,,,,,,,100
,simple,,,KAWASEMI Lite（カワセミライト）,1,0,visible,中学・高校入試の赤本データベースからプリント教材を手軽に作り放題,"サービス紹介動画


https://youtu.be/N4RhwVPvyP8


サービス概要

KAWASEMI Liteは、25万問以上の充実した入試過去問から、各生徒に適した問題をスムーズに選ぶことができるプリント教材作成システムです。
中学・高校入試の赤本データベース（中学入試80,283問、高校入試170,721問　※2023年6月時点の集計）から教科、単元、出題年度、難易度を柔軟に選択できるのが特長です。Webページから問題を選び、その場でプリントアウトするだけで、簡単にプリント教材を作成することができます。
全国の公立高校入試問題や国語の長文問題、中学適性検査まで幅広くカバー。問題選択の手間を省けるセレクト問題もご用意しています。
貴塾名のオリジナルロゴをプリント教材に挿入できるので、貴塾オリジナル教材として付加価値をつけることができます。
サービスの特長

特長１

入試過去問約25万問から的確な問題を選べる
特長２

時間や手間をかけずにオリジナル教材を簡単作成
特長３

6ヶ月19,800円〜の定額制
相性が良くない塾・今後の改善点

インターネットに接続できるパソコンとプリンターが必要です。
オススメの活用法

セレクト問題を活用すると、メイン教材や、大量の問題演習の教材、講習時のスポット教材など、様々な用途でお使いいただけます。
料金体系

6ヶ月19,800円〜の定額制
3つのコースから選ぶことができます。詳しくは公式サイトをご確認ください。
導入を検討されている方へのメッセージ

成績や苦手分野、志望校など生徒の多様なニーズに応じた教材をお探しの学習塾様は是非一度お問い合わせください。",,,taxable,,1,,,0,0,,,,,1,,,,教材作成,"人材不足の解消, 業務の効率化, 授業外における家庭学習の充実",,"https://edu-match.com/wp-content/uploads/kawasemi-lite-logo.webp, https://edu-match.com/wp-content/uploads/kawasemi-lite01.webp, https://edu-match.com/wp-content/uploads/kawasemi-lite02.webp, https://edu-match.com/wp-content/uploads/kawasemi-lite03.webp",,,,,,,,,10
,simple,,,OneStudy（ワンスタディ）,'-1,0,visible,「1分のショート動画×生徒管理機能」で、飽きずに取り組めて、生徒の状況がよくわかる！,"サービス概要

OneStudy（ワンスタディ）は、「1分程度の映像+問題演習」で生徒の飽きを防ぎ、「学習計画+コーチング機能」で生徒管理が簡単にできる、新しい映像授業サービスです。
サービスの特長

特長１

短い動画だから継続できる
特長２

声かけ機能でやる気UP
特長３

教材フリー機能で様々な利用に対応
相性が良くない塾・今後の改善点

塾側はPCでの利用。生徒側はスマートフォンのアプリ（android・iOS）での利用になります。クラウドでの利用になるので、どちらもネット環境が必要です。",,,taxable,,0,,,0,0,,,,,1,,,,教材作成,実写の映像授業を提供,,https://edu-match.com/wp-content/uploads/onestudy-logo01.png,,,,,,,,,100
,simple,,,クラコールCINNOX（シノックス）,1,0,visible,問い合わせの業務効率化と新たな顧客接点獲得を実現する「顧客対応管理ツール」です。,"サービス概要

クラコールCINNOXは、電話・WEB・SNS・メール問い合わせを一括管理し、チャットボット連携で自動対応を実現。Web会議機能も充実し、マーケティングやアウトバンド営業にも活用可能な教育サービスです。
サービスの特長

特長１

一括管理で効率アップ
特長２

顧客対応窓口拡大
特長３

自動化でコスト削減",,,taxable,,0,,,0,0,,,,,1,,,,その他,新規生徒の増加,,https://edu-match.com/wp-content/uploads/cinnox-logo.webp,,,,,,,,,100
,simple,,,StudyOne（スタディワン）,1,0,visible,スタディワンで家庭学習をアップデート 「紙とデジタルの融合」でつながり 子ども部屋が教室に変わる,"サービス概要

当社のサービスは、学習塾の先生がプリントをLMSに取り込み、⽣徒宅へ送信し、解き終わったプリントをスキャンして塾へ返信することを可能にします。QRコードを使用して、⽣徒の学習ログを蓄積することも可能です。
サービスの特長

特長１

LMSでプリント取り込み
特長２

生徒宅へ送信可能
特長３

QRコードで学習ログ管理",,,taxable,,0,,,0,0,,,,,1,,,,教材作成,授業外における家庭学習の充実,,https://edu-match.com/wp-content/uploads/studyone-logo.webp,,,,,,,,,100
,simple,,,ブロードバンド予備校,1,0,visible,いつでも・どこでも・誰でも学べる 予習が不要なのに、その日に身につく! ブロードバンド予備校独自の学習システム,"サービス概要

ブロードバンド予備校の3段階学習システムは、予習・復習不要で内容をマスターします。また、都合に合わせた授業受講や短期間での基礎固めが可能な「速習システム」は、忙しい高校生や実力アップを求める人に最適です。
サービスの特長

特長１

予習不要で身につく
特長２

忙しい高校生向け
特長３

短期間で実力アップ
相性が良くない塾・今後の改善点

網羅的学習が難しい、復習不足",,,taxable,,0,,,0,0,,,,,1,,,,教材作成,実写の映像授業を提供,,https://edu-match.com/wp-content/uploads/broadband-logo.webp,,,,,,,,,100
,simple,,,Myeトレ（マイイートレ）,1,0,visible,Myｅトレは、あらゆる場面で学習できるパーソナル演習アプリ,"サービス概要

Myｅトレは、120万題のデータベースから学力や目的に合わせた学習を提案します。自由なカリキュラム作成、学習進捗の可視化、自宅での有料演習提供などを通じて、生徒の自立学習を支援し、先生の業務を効率化します。また、手書き・自動採点オプションやオンライン指導も可能です。
サービスの特長

特長１

豊富なデータベース活用
特長２

専用カリキュラム作成
特長３

学習管理一元化",,,taxable,,0,,,0,0,,,,,1,,,,教材作成,業務の効率化,,https://edu-match.com/wp-content/uploads/no-image-logo1.webp,,,,,,,,,100
,simple,,,学習塾用NEW HORIZON（ニューホライズン） リスニング＆リーディング／ドリル,1,0,visible,教科書の東京書籍が学習塾様に贈る「NEW HORIZON」教材の決定版,"サービス概要

教科書の本文・語句・文法を効率的にインプット！話すこと・書くことの学習をサポートする教育サービスで、豊富な出題内容や最適な演習条件、充実の学習管理機能を提供します。
サービスの特長

特長１

効率的なインプット学習
特長２

実践的アウトプット支援
特長３

充実の学習管理機能",,,taxable,,0,,,0,0,,,,,1,,,,教材作成,業務の効率化,,https://edu-match.com/wp-content/uploads/newhorizon-logo.webp,,,,,,,,,100
,simple,,,douga pocket（ドウガポケット）,1,0,visible,学びの幅を広げる東京書籍のデジタル教材,"サービス概要

douga pocketは東京書籍が提供するデジタル教材で、社会や理科の資料動画を含む多彩なコンテンツを通じて学習理解を深めます。インタラクティブコンテンツや学習スライドを活用し、個別やグループの学習管理が可能。オリジナル教材の作成・配布も支援します。
サービスの特長

特長１

豊富な動画ラインナップ
特長２

インタラクティブコンテンツ充実
特長３

オリジナル教材作成・配布",,,taxable,,0,,,0,0,,,,,1,,,,教材作成,実写の映像授業を提供,,https://edu-match.com/wp-content/uploads/douga-pocket-logo.webp,,,,,,,,,100
,simple,,,学習塾問題データベース,1,0,visible,タブレットとプリントでどんどん解けて、基礎が定着！ぐんぐん伸びて、入試へ準備！,"サービス概要

学習塾問題データベースは、塾の先生の要望に応えて入試対策を強化し、基礎学力を定着させ、生徒や教室に合わせた効果的な使用が可能です。問題プリント、模擬試験、学習記録管理など多様な機能もあり、プリントもカスタマイズ可能で、タブレットでも使用でき、どこでも学習が可能です。
サービスの特長

特長１

入試対策に特化
特長２

基礎学力定着
特長３

効果的なカスタマイズ",,,taxable,,0,,,0,0,,,,,1,,,,教材作成,業務の効率化,,https://edu-match.com/wp-content/uploads/mondaidb-logo.webp,,,,,,,,,100
,simple,,,フォレスタ悟空,1,0,visible,生徒の学習だけでなく、先生の授業の“質”までをも評価するソリューション！,"サービス概要

デジタル化により、手間を軽減しつつ、精密な学習管理が実現可能となります。授業の進行度や理解度をリアルタイムで確認し、保護者への通知まで一つのツールで行えます。生徒の学習状況、そして先生の授業に対する評価も可能です。
サービスの特長

特長１

デジタル移行で高精度管理
特長２

リアルタイム進度把握
特長３

成績アップの手がかり提供",,,taxable,,0,,,0,0,,,,,1,,,,授業管理,業務の効率化,,https://edu-match.com/wp-content/uploads/goku-logo.webp,,,,,,,,,100
,simple,,,フォレスタ出勤簿,1,0,visible,労務管理の負荷を軽減し、勤務記録の正確性を向上！,"サービス概要

講師の勤務状況、授業以外の時間、給与、交通費を簡易的に記録し、正確に算出できます。準備や片付け時間の記録、週次の勤怠確認メールも対応可能です。
サービスの特長

特長１

講師勤務状況の正確記録
特長２

準備・片付け時間対応
特長３

勤怠確認メール機能",,,taxable,,0,,,0,0,,,,,1,,,,その他,業務の効率化,,https://edu-match.com/wp-content/uploads/shukkinbo-logo.webp,,,,,,,,,100
,simple,,,フォレスタデータベース,1,0,visible,データに基づく科学的な塾経営をバックアップ！,"サービス概要

学習塾の3大経費を削減するため、煩雑な作業をシステム化し、自動コマ割り、成績管理、請求管理、商圏把握地図・入塾検討者集計などを行う教育サービスを提供します。
サービスの特長

特長１

人件費削減・システム化
特長２

成績管理・一元化
特長３

商圏把握・広告戦略活用",,,taxable,,0,,,0,0,,,,,1,,,,その他,業務の効率化,,https://edu-match.com/wp-content/uploads/database-logo.webp,,,,,,,,,100
,simple,,,まなブリッジドリル,1,0,visible,「まなブリッジ！ ドリル」は学習のノウハウを凝縮した生徒ひとりひとりの教育指導に特化したデジタル教材です。,"サービス概要

開成教育グループのノウハウを活用したデジタル教材で、学生の個別学習に対応します。タブレットやPCで利用可能で、学習の進捗や理解度をデータで把握し、個々の指導に活用します。多様な問題形式や自動採点、解答データの分析などを提供します。
サービスの特長

特長１

教材の作成・編集から受講者管理まで全てカバー
特長２

多様な問題形式に対応
特長３

解答データ収集＆分析で生徒の指導に活かせる",,,taxable,,0,,,0,0,,,,,1,,,,教材作成,業務の効率化,,https://edu-match.com/wp-content/uploads/no-image-logo1.webp,,,,,,,,,100
,simple,,,wagaco（ワガコ）,1,0,visible,スクールと保護者のコミュニケーションを円滑に！業務負担軽減まで叶うツールです,"サービス概要

スクール管理者が抱える負担や課題を解決するICTツールwagacoは全国2200教室で導入いただいています！

サービスの特長

特長１

誰でも直感で使えるシンプルなデザイン
特長２

生徒人数に関わらず定額制
特長３

安心のサポート体制でフォロー
相性が良くない塾・今後の改善点

少人数制のスクールや学習塾",,,taxable,,0,,,0,0,,,,,1,,,,その他,業務の効率化,,https://edu-match.com/wp-content/uploads/wagaco-logo1.webp,,,,,,,,,100
,simple,,,atama＋（アタマプラス）,1,0,visible,"「AI×人間の先生」 全国3,400以上の塾教室で採用されています。","サービス概要

学習塾の先生向けに、学習支援サービスを提供するサイトです。豊富な教材を活用し、学習者のニーズに合わせたカスタマイズされたプログラムを提供します。学習者の成長をサポートするため、専門性の高い指導を提供します。
サービスの特長

特長１

教育サービスを提供するプロフェッショナルなチーム
特長２

学習塾の先生のニーズに合わせたカスタマイズ可能なサービス
特長３

専門家が提供する高品質なサポート",,,taxable,,0,,,0,0,,,,,1,,,,AI学習,業務の効率化,,https://edu-match.com/wp-content/uploads/atama-plus-logo.webp,,,,,,,,,100
,simple,,,オンライン英会話講師派遣サービス「CBEA ONLINE（シービーイーエーオンライン）」,1,0,visible,オンラインスクールの導入・企業研修のための講師派遣サービス,"サービス概要

弊社は、コロナ禍によるオンライン授業の需要の高まりや、企業研修としての英語教育の重要性を受け、英会話講師の派遣サービスを提供しています。フィリピンの語学学校で英語教師として活躍した人材を派遣し、低価格で塾や英会話教室、企業様に講師を提供しています。月額50,000円～60,000円で派遣を行っています。
サービスの特長

特長１

フィリピンの語学学校で英語教師として活躍した人材
特長２

人件費の低コスト化を実現
特長３

講師一人あたり月額50,000円～60,000円にて派遣",,,taxable,,0,,,0,0,,,,,1,,,,その他,人材不足の解消,,https://edu-match.com/wp-content/uploads/onlinekoushi-haken-logo.webp,,,,,,,,,100
,simple,,,オンライン英会話KYO-KAI OnE（キョウカイワン）,1,0,visible,外国人講師とマンツーマンで学ぶまったく新しいオンライン英会話,"サービス概要

東京都中学校英語スピーキングテスト（ESAT-J）の対策レッスンを提供するオンライン英会話サービス。完全マンツーマン授業で、日本人スタッフによる管理と教育、独自開発システムを使用し、安心・安全な運用が可能。レベルに合わせたレッスンを行い、英語４技能を身につけることができます。
サービスの特長

特長１

完全マンツーマン授業
特長２

新学習指導要領対応テキストと完全連動
特長３

学習進捗に合わせたレッスンが可能",,,taxable,,0,,,0,0,,,,,1,,,,その他,双方向リアルタイムオンライン授業を提供,,https://edu-match.com/wp-content/uploads/no-image-logo1.webp,,,,,,,,,100
,simple,,,CHATTY（チャッティー）,'-1,0,visible,講師の優しさ度「98％」で、また話したくなる継続率の高いオンライン英会話,"サービス紹介動画


https://www.youtube.com/watch?v=OlXLwD6TZps


サービス概要

オンライン英会話「CHATTY」は講師の優しさ度「98％」で、生徒が継続的に英語を話したいと思えるように導きます。
単なるYes/No・リピート応答の英会話ではなく、生徒の主体的な発話を促すことで、英語のコミュニケーション能力を高めます。
さらに、英語学習の楽しさを重視し、子供たちが自発的に学び続ける環境を提供します。
講師は、生徒一人一人に笑顔で接し、間違いを恐れずに話す勇気を育みます。
これにより、生徒の学習意欲と成績が向上し、自然と継続率も高まります。
CHATTYは、質の高い講師陣と継続的な学習を通じて、英語の習得をサポートします。
サービスの特長

特長１

講師の優しさ度「98％」
特長２

レッスン料は受講して頂いた分だご請求
特長３

脱Yes／No・リピート英会話
相性が良くない塾・今後の改善点

定額受け放題や、ご自宅での受講をお考えの方
オススメの活用法


・ 学校で学習している文法項目に沿った英会話レッスンをお考えの方


・ 英検二次試験の面接対策などマンパワーの課題を解決したい方

料金体系

非公開　詳しくは個別説明にてお伝えいたします。
導入を検討されている方へのメッセージ

現在、個別説明会を開催中です。
下記よりお問い合わせください。
https://timerex.net/s/005355higashino-ta_b97f/dde17632",,,taxable,,1,,,0,0,,,,,1,,,,その他,双方向リアルタイムオンライン授業を提供,,https://edu-match.com/wp-content/uploads/chattyonline_logo01.webp,,,,,,,,,10
,simple,,,オンライン英会話OLECO・GeT（オレコ・ゲット）,1,0,visible,新しい学習指導要領に対応 学習塾専用のオンライン英会話,"サービス概要

OLECOは、英語4技能を学べるオンラインマンツーマンレッスンを提供し、グローバル化の進むこれからの英語学習で悩みを解決します。外国人講師とICTを取り入れた新しいコンテンツを提供し、外国人雇用のコスト&リスクを軽減できます。
サービスの特長

特長１

英語4技能に対応したコンテンツを提供
特長２

外国人雇用のコスト&リスクを軽減
特長３

ICTを取り入れた新しいサービス",,,taxable,,0,,,0,0,,,,,1,,,,その他,双方向リアルタイムオンライン授業を提供,,https://edu-match.com/wp-content/uploads/oleco-logo.webp,,,,,,,,,100
,simple,,,スクパス（SCHPASS）,1,0,visible,いま塾業界でユーザー満足度No.1のスクール・教育施設向け管理システムです 生徒・保護者とじっくり向き合う時間を,"サービス概要

スクパスは、スマホ・アプリをフル活用し、保護者と確実な連絡を取れるサービスです。カスタマイズ性に優れ、10種類以上の多彩な機能から必要なものだけを選択できます。また、オリジナルアプリを格安で提供し、他塾との差別化を図ることが可能です。
サービスの特長

特長１

スマホ・アプリのフル活用
特長２

必要な機能のカスタマイズ
特長３

オリジナルアプリで差別化",,,taxable,,0,,,0,0,,,,,1,,,,コミュニケーション,保護者とのコミュニケーションの円滑化,,https://edu-match.com/wp-content/uploads/schpass-logo.webp,,,,,,,,,100
,simple,,,すらら,1,0,visible,人×AIで真に個別最適化された指導の実現をサポートします！,"サービス概要

AI教材「すらら」は、個々の理解度、定着度、活用力に応じた学習体験を提供します。教科ごとの深い理解や4技能対応の英語学習を目指し、AIとアニメーションを活用した楽しい学習環境を提供。さらに、詳細な学習管理機能で教師の役割を支援し、学習塾向け教材として進化し続けます。
サービスの特長

特長１

少ない生徒数でも利益を上げられる低損益分岐点経営
特長２

「生徒中心型学習」が実現できる塾
特長３

他教材の利用が可能なため、変化の大きい時代にも対応。
相性が良くない塾・今後の改善点

AI教材に抵抗感のある塾は難しいかもしれません",,,taxable,,0,,,0,0,,,,,1,,,,教材作成,新規生徒の増加,,https://edu-match.com/wp-content/uploads/jukusurala-logo.webp,,,,,,,,,100
,simple,,,デキタス・コミュ,1,0,visible,小学生・中学生・高校生向け WEB演習システム「デキタス・コミュ」,"サービス概要

小学3年生から高校3年生を対象とした学習塾向けWEB演習システムです。スマートフォンやタブレットを使って、短時間でも効率的な学習を進められます。3レベルに分かれた1問1答形式の問題が豊富に搭載され、「対戦」機能で競い合いながら学習できます。「課題」機能で手軽に課題の作成・配信が可能で、指導時間を有効活用できます。
サービスの特長

特長１

効率的な学習サポート
特長２

課題作成・配信機能
特長３

対戦で学習意欲アップ",,,taxable,,0,,,0,0,,,,,1,,,,教材作成,人材不足の解消,,https://edu-match.com/wp-content/uploads/dekituscomm-logo.webp,,,,,,,,,100
,simple,,,デキタス,1,0,visible,教育の未来を支援するオンライン学習教材「デキタス」,"サービス概要

「デキタス」は、教育改革に対応するためのツールで、授業動画や演習問題などを搭載。学習内容の理解を目的に開発され、学び本来の楽しさを体感し、自ら学ぶ意欲を持った児童・生徒を育成する。城南進研グループの講師陣による監修で、ポイントを押さえた授業と選りすぐりの良問で学習内容をしっかりと身につけられます。
サービスの特長

特長１

60年の実績の城南進学研究社
特長２

5教科の授業動画・演習問題
特長３

定期テスト対策機能搭載",,,taxable,,0,,,0,0,,,,,1,,,,教材作成,人材不足の解消,,https://edu-match.com/wp-content/uploads/dekitus-logo.webp,,,,,,,,,100
,simple,,,教科書準拠の映像授業eduplus（エデュプラス）,1,0,visible,（株）学書発刊の教材を解説した映像教材。 小・中学生は教科書準拠対応！,"サービス概要

学書発刊の小学生ワーク・newBASICなどの教科書準拠教材を解説した映像教材です。

対象は小学4年生から高校生までとなっており、幅広くお手軽にご利用することができます。

サービスの特長

特長１

教科書準拠ワークに対応しています。
特長２

タブレット・スマホで受講が可能です。
特長３

自宅でも受講することができます。
相性が良くない塾・今後の改善点

教えすぎは禁物！学習管理を中心とした指導",,,taxable,,0,,,0,0,,,,,1,,,,教材作成,業務の効率化,,https://edu-match.com/wp-content/uploads/eduplus-logo-1.webp,,,,,,,,,100
,simple,,,子ども向けオンライン英会話GLOBAL CROWN（グローバルクラウン）,1,0,visible,3歳から12歳までを対象とした完全オンライン型英会話スクール,"サービス概要

GLOBAL CROWNは、日英バイリンガルのマンツーマン講師による日本語サポート付きの英語学習サービスです。英検対応のカリキュラムやAIによる発音チェックなどの教材も豊富に取り揃え、半年継続率94%（業界平均の約2倍）の圧倒的な実績を誇ります。20分レッスンや子どもにモテる魅力的な先生とのマッチング、ゲーム性などを取り入れた夢中メソッド®️で、お子さまのやる気を維持します。
サービスの特長

特長１

バイリンガルマンツーマン講師
特長２

英検対応カリキュラム・AI
特長３

夢中メソッド®️・20分レッスン",,,taxable,,0,,,0,0,,,,,1,,,,その他,双方向リアルタイムオンライン授業を提供,,https://edu-match.com/wp-content/uploads/global-crown.webp,,,,,,,,,100
,simple,,,先生のBUKA（ブカ）～優秀な部下としての教育現場用AI～,1,0,visible,ChatGPT搭載の学習塾支援サービス～優秀な部下としての教育現場用AI～,"サービス概要

「先生のBUKA」は、教育現場での利用に特化したChatGPTコミュニケーションツールです。ChatGPTで業務の効率化を図り、先生は対面の生徒指導や面談などに注力できます。
サービスの特長

特長１

AIが生成した内容を先生が確認できる！
特長２

AI出力を完全カスタマイズ
特長３

生徒の利用状況を可視化
相性が良くない塾・今後の改善点

最終確認には先生の目が必要。
オススメの活用法

生徒からの悩みや質問事項への一次対応文面案の生成や小論文、英作文の添削指導、保護者様、生徒さんへのお知らせ配信の文面作成など、さまざまな業務に活用できます。
料金体系

□基本使用料（9,350円）
※ただし、初期システム導入費（使い方の研修含む）として、導入時のみ19.800円を頂戴します。
導入を検討されている方へのメッセージ

学習塾に特化した、生徒と先生のコミュニケーションに焦点を当てたサービスです！
教育特化のデジタル専門家集団（＝教育DXラボ）が開発しておりますので、安心してお使いいただけます。",,,taxable,,1,,,0,0,,,,,1,,,,AI学習,業務の効率化,,"https://edu-match.com/wp-content/uploads/seiseinobuka-logo.webp, https://edu-match.com/wp-content/uploads/seiseinobuka01.webp, https://edu-match.com/wp-content/uploads/seiseinobuka02.webp",,,,,,,,,98
,simple,,,マイスタディ,1,0,visible,いつでもどこでもアプリで学習,"サービス概要

中学英語・理科・社会の問題を標準搭載し、オリジナル問題の作成・配信も可能な教育サービス。Excelを使ってカンタンに問題を作成し、スマホやタブレット、PCなどでいつでも学習でき、正解者を分かりやすく表示します。先生も生徒も自由に問題を作成でき、スマートフォンで撮影した授業動画をクラスの生徒に配信可能。教材と連動した豊富な映像学習も可能です。
サービスの特長

特長１

オリジナル問題作成・配信
特長２

クイズ番組形式の学習
特長３

授業動画の手軽な配信",,,taxable,,0,,,0,0,,,,,1,,,,教材作成,実写の映像授業を提供,,https://edu-match.com/wp-content/uploads/my-study-logo.webp,,,,,,,,,100
,simple,,,塾シル,1,0,visible,【入塾率30%以上】成果報酬型で安定的な生徒募集を実現します,"サービス概要

教室ごとに興味のある生徒・保護者の問い合わせを実現します。チェックマークで安易に複数の資料請求を誘発しないので、「問い合わせが来たけど連絡が取れない」「営業の強い他塾に取られてしまった」というリスクは低いポータルサイトです。
成果報酬のため、初期費用・ランニングコストはかかりません。生徒募集の1経路としてご活用ください。
サービスの特長

特長１

駅・地域・現在地から学習塾を検索
特長２

オンライン塾・オンラインコースも掲載可能
特長３

インタビューなどオリジナル情報が豊富
相性が良くない塾・今後の改善点

他塾との差別化ポイントがない塾
オススメの活用法

運用型広告ではないので、開校／閉校など大きな情報変更以外にお手間が発生することはございません。
料金体系

成果報酬型（反響ごと課金）
・資料請求7,000円
・電話問合せ8,000円
・体験授業予約12,000円
※初期費用は不要です。
導入を検討されている方へのメッセージ

有料契約で12,500教室(2024年8月時点)以上の掲載を誇ります。個人塾から大手塾、さらにオンライン塾まで全国の学習塾経営者にご利用いただいています。
塾様の公式サイトと合わせて、生徒募集の1経路としてご活用ください。",,,taxable,,1,,,0,0,,,,,1,,,,その他,新規生徒の増加,,https://edu-match.com/wp-content/uploads/jukushiru_logo.webp,,,,,,,,,98
,simple,,,塾ナビ,1,0,visible,塾（学習塾）、予備校選びは塾ナビ！小学生・中学生・高校生のあなたにピッタリの塾（学習塾）、予備校を探せます。,"サービス概要

学習塾の先生向けに、学習支援サービスを提供するサイトです。豊富な教材を活用し、学習者のニーズに合わせたカスタマイズされたプログラムを提供します。学習者の成長をサポートするため、専門性の高い指導を提供します。
サービスの特長

特長１

塾・予備校検索サイト利用者数No.1
特長２

全国の塾、予備校を網羅
特長３

口コミ、塾のランキング情報が満載",,,taxable,,0,,,0,0,,,,,1,,,,その他,新規生徒の増加,,https://edu-match.com/wp-content/uploads/jyukunavi-logo.webp,,,,,,,,,100
,simple,,,テラコヤプラス,1,0,visible,塾・学習塾を探すならテラコヤプラス,"サービス概要

「テラコヤプラス by Ameba」は、塾・予備校など学習塾情報の総合サイト。料金、講師情報、口コミを詳細に掲載し、保護者や子どもが最適な習い事を見つけられるサービスを提供しています。
サービスの特長

特長１

多角的な習い事情報提供
特長２

定期的なユーザーアンケート実施
特長３

地域別塾選びの解説公開",,,taxable,,0,,,0,0,,,,,1,,,,その他,新規生徒の増加,,https://edu-match.com/wp-content/uploads/terakoya-logo.webp,,,,,,,,,100
,simple,,,Studyplus for School（スタディプラスフォースクール）,1,0,visible,これからの教室を支える学習管理プラットフォーム,"サービス概要

生徒を褒める機会を最大化するコミュニケーションサービスです。生徒が利用するアプリStudyplusと、先生が利用するStudyplus for Schoolを繋ぐことで、生徒の日々の努力に気づき褒めることができ、コミュニケーションが活性化します。学習PDCAサイクルを支援し、効率的な学習管理をバックアップします。
サービスの特長

特長１

生徒の情報や学習記録をデジタル化
特長２

生徒のあらゆる情報をビジュアル化
特長３

生徒・保護者との非同期コミュニケーション
相性が良くない塾・今後の改善点

オペレーションの改善改良が伴わない場合",,,taxable,,0,,,0,0,,,,,1,,,,授業管理,業務の効率化,,https://edu-match.com/wp-content/uploads/studyplus_logo1.webp,,,,,,,,,100
,simple,,,Comiru / ComiruAir / ComiruHR（コミル / コミルエアー / コミルエイチアール）,1,0,visible,「教える」をなめらかに 塾経営にまつわる業務のデジタル化を推進し 塾と生徒が向き合う本来の時間を創出します,"サービス概要

「Comiru」は、保護者との信頼関係を築くコミュニケーション機能、塾運営を効率化する業務管理機能、生徒獲得支援機能を提供するサービスです。
サービスの特長

特長１

保護者との適切なコミュニケーションで信頼関係を築く
特長２

塾運営に必要なルーティーン業務をシンプルで効率よくスマートに
特長３

保護者との適切なコミュニケーションで信頼関係を築く",,,taxable,,0,,,0,0,,,,,1,,,,コミュニケーション,保護者とのコミュニケーションの円滑化,,https://edu-match.com/wp-content/uploads/comiru-logo.webp,,,,,,,,,100
,simple,,,スタディサプリ 学習塾向けサービス,1,0,visible,塾の経営をサポートするICT教材を気軽に導入するならスタディサプリ,"サービス概要

スタディサプリは、2022年3月から学習塾の皆様をサポートするサービスの提供を開始しました。個々の弱点に対応した指導を低価格で提供し、学習時間の質向上を共に目指します。スタディサプリの価値は学習塾特有の利点を強化することで生まれます。
サービスの特長

特長１

弱点を細かく把握する
特長２

生徒の状況を可視化する
特長３

弱点克服を実現する武器提供",,,taxable,,0,,,0,0,,,,,1,,,,教材作成,業務の効率化,,https://edu-match.com/wp-content/uploads/no-image-logo1.webp,,,,,,,,,100
,simple,,,iCC systems（アイシーシーシステムズ）,1,0,visible,​いままでやっていた塾の業務がサクサク!,"サービス概要

『iCCシステムズ』は、学習塾を経営し結果を出すための、(株)アイキューブが開発した統合基幹業務システムです。デジタル化により、業務効率をUPし、コストを削減。保護者様に安心を提供し、塾の経営や生徒の成績をサポート。事務処理を統一化し、15のコンテンツで管理をスムーズに行えます。
サービスの特長

特長１

効率UP・コスト削減
特長２

保護者への安心提供
特長３

経営・成績サポート",,,taxable,,0,,,0,0,,,,,1,,,,その他,業務の効率化,,https://edu-match.com/wp-content/uploads/no-image-logo1.webp,,,,,,,,,100
,simple,,,受験コンパス,1,0,visible,もう大学受験に迷わない 大学受験を視覚化させる学習計画作成システム,"サービス概要

受験コンパスは大学受験の分析を行い、それを先生と生徒に視覚化することで、今までの先生の頭の中にだけあった計画を明確にし、ブラックボックスだった大学受験を照らします。

【機能一覧】
吝受験コンパスは、3つの視覚化を実現します
・志望校との差を視覚化
・やるべきことを視覚化
・学力の成長を視覚化

吝合格までの指導ルートが見える参考書フローチャート
受験コンパス分析チームが毎年改善を重ねる最も評価の高いツール。
科目別勉強法や推奨参考書ルート・レベル・勉強時間を表示。
これがあれば科目知識が上昇し、生徒指導に役立ちます。
サービスの特長

特長１

全国すべての大学・学部・学科に対応
特長２

大手予備校レベルの過去問・参考書分析
特長３

大学受験の専門コンサルタントによる支援
相性が良くない塾・今後の改善点

毎年過去問や参考書を分析しています。
オススメの活用法

受験コンパスを使って大学受験コースを立ち上げることで、高校部を新たな経営の柱にできます。
具体的には、
★高校部の生徒数が2倍に
★個別指導の月謝が予備校並みに
といった実績が次々と出ています。
料金体系

詳細はお問い合わせください。
導入を検討されている方へのメッセージ

受験コンパスは、高校部の立ち上げや強化に最適なツールです。
教室の規模を問わず、全国の学習塾で導入されており、数々の逆転合格を実現させています。
✅高校部をつくりたいが、ノウハウがない
✅高校卒業まで生徒の面倒を見たい
✅中学生の人数がジワジワと減っている
上記のようなお悩みをお持ちの方は、ぜひ一度お問い合わせください。",,,taxable,,1,,,0,0,,,,,1,,,,授業管理,"新規生徒の増加, 人材不足の解消, 業務の効率化, 授業外における家庭学習の充実",,"https://edu-match.com/wp-content/uploads/jukencompass_logo.webp, https://edu-match.com/wp-content/uploads/jukencompass_02.webp, https://edu-match.com/wp-content/uploads/jukencompass_03.webp, https://edu-match.com/wp-content/uploads/jukencompass_05.webp, https://edu-match.com/wp-content/uploads/jukencompass_01.webp, https://edu-match.com/wp-content/uploads/jukencompass_04.webp",,,,,,,,,10
,simple,,,eトレsa（イートレエスエー）,1,0,visible,極上の演習で生徒の学力を上げ これからも「在り続ける」 強い塾をデザインする,"サービス概要

ｅトレは、25万ぺージ120万題の問題データベースを収録し、学年・科目混在での同時演習も可能な教室の指導になじみやすい塾や学校専用の演習システムです。カリキュラム作成から学習管理、保護者へのフィードバックまでを一元化し、生徒の学力アップに抜群の効果を発揮します。
サービスの特長

特長１

豊富なデータベースと集中力が続くプリント構成
特長２

学年・科目混在での同時演習も、先生１人で進行できる
特長３

個別対応カリキュラムで継続的な収益化をサポート",,,taxable,,0,,,0,0,,,,,1,,,,教材作成,人材不足の解消,,https://edu-match.com/wp-content/uploads/no-image-logo1.webp,,,,,,,,,100
,simple,,,オンライン英会話 AIC Online English（エーアイシーオンラインイングリッシュ）,1,0,visible,「わかる」から「使える」へ 真の英語力を身につけるオンライン英会話,"サービス概要

外国人講師と行う1回15分のマンツーマンオンライン英会話です。小学生低学年から高校生まで幅広いコースをご用意。
教室授業で学習した内容をベースに実際にオンライン英会話で使ってみます。単語の学習、会話文の練習、重要な表現の練習などを行います。

サービスの特長

特長１

教室授業で学習した内容をもとに行う復習型
特長２

1回15分 外国人講師 オンライン
特長３

二次面接対策コースも好評
相性が良くない塾・今後の改善点

予約操作など少なからず手間が発生します。",,,taxable,,0,,,0,0,,,,,1,,,,その他,双方向リアルタイムオンライン授業を提供,,https://edu-match.com/wp-content/uploads/aic-online-logo.webp,,,,,,,,,100
,simple,,,読むとくメソッド®ことばの学校,1,0,visible,読書で国語の読解の力を伸ばすことばの学校,"サービス概要

「ことばの学校」が開発した、子どもたちに効率的に読書をさせるための学習システムです。厳選された良書を読み、語彙の養成、読解力の涵養を行う読書ワークと、語彙量・読書速度の伸びを半年に一度診断する読書指数®診断を提供し、だれでも楽しく集中して読書ができる（たくさんの本が読める）サービスです。
サービスの特長

特長１

いつでも開講できる！
特長２

高い入会率・継続率
特長３

こだわりの教材",,,taxable,,0,,,0,0,,,,,1,,,,教材作成,人材不足の解消,,https://edu-match.com/wp-content/uploads/kotobanogakko-logo.webp,,,,,,,,,100
,simple,,,L-comi（エルコミ）,1,0,visible,LINE・メール両対応のスクール向け入退室管理システム,"サービス概要

L-comiは、LINEやメールで保護者様に入退室の通知を行えるスクール専門の入退室システムです。月額3,000円から利用可能で、入室ポイント機能やメッセージ配信、ポイント管理、タイムカード管理などの便利な機能を搭載しています。
サービスの特長

特長１

LINEで入退室通知
特長２

メッセージ配信
特長３

ポイント管理",,,taxable,,0,,,0,0,,,,,1,,,,コミュニケーション,保護者とのコミュニケーションの円滑化,,https://edu-match.com/wp-content/uploads/no-image-logo1.webp,,,,,,,,,100
,simple,,,KoBETool（コベツール）,1,0,visible,個別指導塾のコマ管理ならWEBシステムのコベツール,"サービス概要

KoBEToolは、個別指導塾の管理業務を劇的に効率化できるサービスです。授業管理・コマ管理などを自動化し、欠席・振替の管理、生徒配布予定表の自動作成、教室ごとのカスタマイズなどが可能で、導入コスト￥０、申し込み当日からご利用可能です。
サービスの特長

特長１

個別指導に特化
特長２

導入のしやすさ
特長３

オンラインでスケジュール確認",,,taxable,,0,,,0,0,,,,,1,,,,その他,スタッフとのコミュニケーションの円滑化,,https://edu-match.com/wp-content/uploads/kobetool-logo.webp,,,,,,,,,100
,simple,,,教科書ナビ,1,0,visible,高校部開講・運用サポートサービス,"サービス概要

学校の定期試験対策を軸にした高校部を開設することで、在籍する中3生の高校部継続率と高1・高2生の滞留率を上げていきます。
そのためのノウハウを詰め込んだコンテンツとなっており、高3まで確実に繋いでいくことで、「収益の上がる高校部」「大学受験まで通える塾」を実現します。
サービスの特長

特長１

高校の授業の予習用映像授業
特長２

学校の進度にピッタリ合った指導が可能
特長３

定期試験対策用ツールが充実
相性が良くない塾・今後の改善点

対人授業に拘りがある場合",,,taxable,,0,,,0,0,,,,,1,,,,教材作成,実写の映像授業を提供,,https://edu-match.com/wp-content/uploads/ap-navi_logo.webp,,,,,,,,,100
,simple,,,home-t（ホムティ）,1,0,visible,学習塾を運営する会社が作った、学習塾のための動画学習システム,"サービス概要

""home-t""は学習塾の先生と生徒向けに、学習状況を把握し、モチベーションを高める教育サービスを提供します。講師専用の管理画面から学習状況を把握でき、生徒向けには視聴時間ランキングを見ることができます。
サービスの特長

特長１

プロ講師のわかりやすい授業
特長２

1本約5分なので飽きない
特長３

ネーミング自由、動画の追加自由",,,taxable,,0,,,0,0,,,,,1,,,,教材作成,実写の映像授業を提供,,https://edu-match.com/wp-content/uploads/home-t-logo.webp,,,,,,,,,100
,simple,,,DOJO（ドウジョウ）,1,0,visible,タブレット学習と先生のサポートで学力アップの基礎固め！,"サービス概要

AI搭載タブレット学習で、学習診断テストにより最適なレベルからスタート。最新のAIが得意・不得意を自動判定し、専任講師が丁寧なサポートで勉強へのやる気を引き出す。教室授業で集中力を持続し、基礎力・自学力・得点力を身につける。リーズナブルな授業料で安心の学習を提供。
サービスの特長

特長１

AI搭載タブレット学習
特長２

専任講師のサポート
特長３

リーズナブルな授業料",,,taxable,,0,,,0,0,,,,,1,,,,教材作成,人材不足の解消,,https://edu-match.com/wp-content/uploads/dojo-logo.webp,,,,,,,,,100
,simple,,,ウィングネット,1,0,visible,映像授業を、一歩前へ。 知識の組み合わせ方を学び、体系化することで新時代に必要な学びのすべてを網羅する。,"サービス概要

ウイングネットでは、「志望校別」「学力別」「定期テスト対策・入試対策などの目的別」に最適な一人ひとりの「学び」を提供し、「自ら学ぶ習慣」を大切にし、「志望校合格」を勝ち取る力を育てます。
サービスの特長

特長１

質の高い授業
特長２

幅広い学びをご提供
特長３

全てのニーズに応える",,,taxable,,0,,,0,0,,,,,1,,,,教材作成,実写の映像授業を提供,,https://edu-match.com/wp-content/uploads/no-image-logo1.webp,,,,,,,,,100
,simple,,,FLENS School Manager（フレンズスクールマネージャー）,1,0,visible,塾業務をスリム化し“塾生保護者をファン化する”コミュニケーションプラットフォーム,"サービス概要

従来のアナログなコミュニケーションに加えて、スマホで効率的に学習塾の雰囲気や熱量を保護者が感じられるコミュニケーションアプリです。「塾生保護者のファン化」を推進し、学習塾の経営基盤を強化します。またアプリのデータから保護者の興味・関心を解析して、新たな価値を創造により「学びの場」の価値を高めます。
サービスの特長

特長１

塾の雰囲気が伝わりやすい
特長２

校舎や兄弟姉妹で切り替えがなく便利
特長３

あらゆる情報を集約できる",,,taxable,,0,,,0,0,,,,,1,,,,コミュニケーション,保護者とのコミュニケーションの円滑化,,https://edu-match.com/wp-content/uploads/no-image-logo1.webp,,,,,,,,,100
,simple,,,そろタッチ,1,0,visible,口コミ中心で200教室展開達成！ 保護者が求める「そろタッチ」,"サービス概要

そろばんの仕組みをタブレットに活用した暗算力を養うコンテンツです。自宅学習＆教室専用アプリで、年齢もバラバラな子どもたちが同じ時間・同じ場所で学習することが可能です。
サービスの特長

特長１

タブレット&研修３時間
特長２

メディアも注目！
特長３

受験の土台に!",,,taxable,,0,,,0,0,,,,,1,,,,教材作成,アニメーションの授業を提供,,https://edu-match.com/wp-content/uploads/sorotouch_logo.webp,,,,,,,,,100
,simple,,,オプティマスタディ,1,0,visible,中学生・高校生の学習サイクルに完全対応！ 1人ひとりに合わせて最適化された学びを提供できる学習システム,"サービス概要

「オプティマ スタディ」は、生徒の学習サイクルに合わせて、日々の学習から定期テスト対策、入試対策まで、最適な学習カリキュラムを作成できるサービスです。管理画面から生徒1人ひとりの学習進捗や理解度を確認し、励ましの声をかけたり、カリキュラム変更のアドバイスをするなどのサポートを行い、学習効果を高めることができます。
サービスの特長

特長１

学習カリキュラム作成可能
特長２

問題20万題搭載
特長３

個別進捗・理解度確認",,,taxable,,0,,,0,0,,,,,1,,,,授業管理,授業外における家庭学習の充実,,https://edu-match.com/wp-content/uploads/os-logo.webp,,,,,,,,,100
,simple,,,プロンテストシリーズ（スピーキング／リスニング）,1,0,visible,「通じるための発音練習」をあなたに,"サービス概要

私たちは、リスニングとスピーキングを劇的に変化させる「発音」を実践的に活用し、楽しく英語を習得できるようにします。様々なカリキュラムを使って、音声に対してアドバイスをし、音読や音変化の練習もできるアプリで、英語のスピーキングを楽しく効率よく練習できます。
サービスの特長

特長１

自信を持って英語話せる
特長２

発音で劇的変化
特長３

楽しく効率的練習",,,taxable,,0,,,0,0,,,,,1,,,,教材作成,授業外における家庭学習の充実,,https://edu-match.com/wp-content/uploads/prontest-logo.webp,,,,,,,,,100
,simple,,,どこでもスタディ,1,0,visible,生徒学習管理アプリ「どこでもスタディ」で目指すは“Good”な学習塾,"サービス概要

「どこスタ」は、塾オリジナルの確認テスト作成、ノートの写真撮影・アップロード、オリジナル動画配信、様々な教科教材に対応、学習状況の把握、Windows,iOS,Androidなど様々なデバイスに対応する教育サービスです。
サービスの特長

特長１

​確認テストの作成
特長２

オリジナル動画配信
特長３

学習状況の把握",,,taxable,,0,,,0,0,,,,,1,,,,授業管理,業務の効率化,,https://edu-match.com/wp-content/uploads/d-study-logo.webp,,,,,,,,,100
,simple,,,Bit Campus EX（ビットキャンパスイーエックス）,1,0,visible,塾ビジネスをスマートに 学習塾経営の総合支援システム,"サービス概要

学習塾が開発したシステムがBitCampusEXは全国の学習塾で10万人以上の生徒が利用しています。

学習塾の経営を効率化するシステムをお探しですか？株式会社ティエラコムが開発したBitcampusは、全国で成功した学習塾のノウハウが詰まったシステムです。顧客管理や事務作業、映像配信など、学習塾の運営に必要な機能がすべて揃っています。

全国の集団指導塾、個別指導塾、様々な学習塾で活用されています。

システム活用に留まらず、学習塾経営まで一貫したサポートでご要望にお応え致します。
サービスの特長

特長１

長年の実績で培われた課題解決力
特長２

導入後サポートの充実
特長３

幅広い運用形態への適用
相性が良くない塾・今後の改善点

多機能なので導入にパワーがかかります",,,taxable,,0,,,0,0,,,,,1,,,,その他,業務の効率化,,https://edu-match.com/wp-content/uploads/bitcampus-ex-logo.webp,,,,,,,,,100
,simple,,,個別自動配当MK5（エムケーファイブ）,1,0,visible,高精度かつ高速のマッチングエンジン,"サービス概要

MK5エンジンを使用した教育サービスでは、複雑な条件の中で最も優先順位の高い講師の割り当てを、高い精度で実現します。講師・生徒の授業の負担を軽減し、生徒・保護者の満足度を高め、シフト作成の業務負担を削減することが可能です。
サービスの特長

特長１

効率的な講師配分
特長２

高精度の時間割作成
特長３

簡単操作",,,taxable,,0,,,0,0,,,,,1,,,,その他,業務の効率化,,https://edu-match.com/wp-content/uploads/no-image-logo1.webp,,,,,,,,,100
,simple,,,ミルクラス,1,0,visible,学習管理システム(統合型LMS)ならミルクラス これからの時代に備える 学習塾をオンラインで運用,"サービス概要

学習塾の先生向けに、オンラインで動画撮影した授業を学年別、クラス別、教科別で配信することが可能な教育サービスです。倍速再生機能や早送りを無効化する不正防止機能、進捗を確認できる証跡機能など、しっかりと授業を提供できる機能が揃っています。さらに、ユーザー管理、ルーム、掲示板機能、アンケート／レポート、オンライン集団研修、スキル管理なども提供しています。
サービスの特長

特長１

いつもの授業をオンラインで
特長２

プラットフォームとして活用可能
特長３

人材の育成もミルクラスで",,,taxable,,0,,,0,0,,,,,1,,,,授業管理,業務の効率化,,https://edu-match.com/wp-content/uploads/miruclass-logo.webp,,,,,,,,,100
,simple,,,ベリタスアカデミー,1,0,visible,ホンモノの講義があなたの手に,"サービス概要

ベリタスでは、「わからせる」だけでなく「解けるようにする」ことを使命とし、動画を細分化し、電子黒板を使った授業を撮影し、倍速プレーヤーで学習を加速させ、スマートデバイスでも学習可能、月額定額制で学習を楽しめます。
サービスの特長

特長１

細分化された動画を必要な箇所だけ
特長２

電子黒板で板書のムダを全て排除
特長３

倍速プレーヤーが学習をさらに加速",,,taxable,,0,,,0,0,,,,,1,,,,教材作成,実写の映像授業を提供,,https://edu-match.com/wp-content/uploads/veritas-logo.webp,,,,,,,,,100
,simple,,,コードアドベンチャー,1,0,visible,日本初！YouTuberが指導するマイクラプログラミングスクール,"サービス紹介動画


https://youtu.be/-jERZD_mucs
https://youtu.be/0ICx2ZSLGzU
https://youtu.be/uK7lJLoTspU
https://youtu.be/c2bHSifu3og


サービス概要

日本初！Youtuberが教えるマインクラフトプログラミング教室です。世界で一番売れているマインクラフト✕子どもたちに圧倒的人気を誇るマイクラYoutuberいぬたぬき氏の動画解説授業で他スクールと訴求力における決定的な差があります。

また、プログラミングスクールの開校は初めて、という事業者様が圧倒的に多い中、集客から体験会、体験後のサポートまでしっかりと帆走いたします。さらに入会人数の保障プランも充実！プログラミングを全く知らない方でもゼロから始めることができます。

初期の導入費用・導入後の売上に応じたロイヤリティともにFC事業としては圧倒的な低コストを実現しています。
サービスの特長

特長１

大人気のマインクラフトでのプログラミング
特長２

人気YouTuberによる動画解説授業
特長３

安心の15人入会保証パックもあります
相性が良くない塾・今後の改善点

少し集まればいいという事業者の方は不向き
オススメの活用法

「すべてのお子様にプログラミング教育を」という理念があります。2023年現在の平均教室生徒数は38人です。ノウハウはすべて指導しますので、本気でプログラミングに挑戦してみたい！という方にお勧めです。
料金体系

加盟金：50万円
15人保証パック：15万円（期間限定12万円）
アカウント費（月額）：2112円/人
※2023年10月時点
導入を検討されている方へのメッセージ

現在個別説明会を開催中です。
ぜひお問合せ下さい！",,,taxable,,1,,,0,0,,,,,1,,,,その他,"新規生徒の増加, アニメーションの授業を提供, その他",,"https://edu-match.com/wp-content/uploads/codeadventure-logo.webp, https://edu-match.com/wp-content/uploads/codeadventure01.webp",,,,,,,,,98
,simple,,,スポット指導アプリ manabo（マナボ）,1,0,visible,スポット指導アプリ「manabo」24時間365日質問対応が明日から可能に！,"サービス概要

manaboは塾学校向けの、質問対応アプリです。
塾経営者様のよくある悩み
✔︎全科目/全学年の講師の採用ができない
✔︎LINEやZoomで質問対応するが、返信が遅いとクレームになる
✔︎質問対応ができていない
を解決します！

サービスの特長

特長１

24時間365日質問対応
特長２

講師は東大・京大・医学部生の難関大生中心
特長３

スマホ・タブレットさえあれば利用可能
相性が良くない塾・今後の改善点

少人数すぎる塾様。新プランの検討。",,,taxable,,0,,,0,0,,,,,1,,,,その他,人材不足の解消,,https://edu-match.com/wp-content/uploads/manabo01.webp,,,,,,,,,100
,simple,,,ユニバープラス,1,0,visible,中学生が飽きずに個別のペースで進める！映像授業＋問題演習のデジタル教材！,"サービス概要


ユニバープラスの映像授業はコンパクトで編集された映像授業なので、TikTokやYouTubeに慣れた中学生からも好評いただいております。
また授業動画と”完全対応”した問題演習が用意されているので、映像授業を見終わった後すぐに演習に取り組めます！

サービスの特長

特長１

手軽で簡単に学習塾へ導入できる！
特長２

中学生に支持される映像授業！
特長３

デジタル問題演習で学力定着を！
相性が良くない塾・今後の改善点

教科書準拠対応と配信機能がまだありません",,,taxable,,0,,,0,0,,,,,1,,,,教材作成,授業外における家庭学習の充実,,https://edu-match.com/wp-content/uploads/univer-plus.webp,,,,,,,,,100
,simple,,,一斉個別運営システム「スマスタ」,1,0,visible,学習塾が自ら創り上げた、一斉個別を運営する動画配信システム,"サービス概要

一見すると「動画配信システム」ですが、学習管理機能や暗記トレーニングなど、一斉個別指導（１対15、2対20）を運営するうえで、便利な機能を備えた一斉個別指導運営システムです。

サービスの特長

特長１

12000本以上のコンパクトな映像授業
特長２

暗記できるまで終わらない「暗トレ」
特長３

超シンプル＆単純な管理画面
相性が良くない塾・今後の改善点

「教える」を貫く塾様へは不向き
オススメの活用法

アルバイト講師の採用に困っている個別指導塾様は、ぜひ「一斉個別指導」の運営方法についてお問い合わせください。",,,taxable,,0,,,0,0,,,,,1,,,,教材作成,人材不足の解消,,https://edu-match.com/wp-content/uploads/smasta-logo.webp,,,,,,,,,100
,simple,,,マイクラプログラミングコース,1,0,visible,人気のマインクラフトを使った、動画で学ぶプログラミング教室。集客力が抜群です！,"サービス概要

ゲームクリエーター監修の動画で学ぶマインクラフトプログラミング教室です。動画で学ぶからプログラミングの専門家ではなくても授業を進行することができます。授業料設定も各塾様で設定することができるので、塾の形に合わせて導入が可能です。


サービスの特長

特長１

マインクラフトで学ぶので、集客に強い。
特長２

損益分岐点は生徒３名！！
特長３

集客後に本契約を結ぶプランあり！
相性が良くない塾・今後の改善点

小学生を集めようという気持ちが薄い塾様",,,taxable,,0,,,0,0,,,,,1,,,,その他,新規生徒の増加,,https://edu-match.com/wp-content/uploads/culture-kids-programing-logo.webp,,,,,,,,,100
,simple,,,カルチャーキッズ,1,0,visible,小学生低学年をターゲットとした、会員制教材。“習い事”が開校できます！,"サービス概要

中学生を主体として運営している学習塾様にとって、小学生の集客はいろいろ課題があると思います。

一般的な学習コースでは、大手チェーンに集客負けしてしまうこともあるとか・・・
学習コース以外のコースを運営・集客ノウハウをセットにして作ったパッケージが「カルチャーキッズ」です。

サービスの特長

特長１

学童保育教室のオプションコースとして開設
特長２

月額1万円で様々なコンテンツの組合せ可能
特長３

毎月１回のオンライン勉強会あり
相性が良くない塾・今後の改善点

小学生を集めようという気持ちが薄い塾様",,,taxable,,0,,,0,0,,,,,1,,,,その他,新規生徒の増加,,https://edu-match.com/wp-content/uploads/calturekids-logo.webp,,,,,,,,,100
,simple,,,カルチャーキッズ・そろばん教室,1,0,visible,指導未経験者でも指導可能なイラスト付きのわかりやすい教材 スモールステップカリキュラム,"サービス概要

学習塾の先生がそろばん教室をはじめようと思っても、塾用教材にはアルバイト講師にも使いやすいアマチュア用教材が多数ありますが、そろばん教材にはプロ用の教材しかないのが実情です。

この教材なら、そろばんの珠のはじき方から生徒へのトークまで載っているので、そろばん経験者さえ採用すれば、学習塾の先生なら（生徒対応ノウハウを持っているため）誰でもそろばん教室を始める事ができます。
サービスの特長

特長１

イラスト付き教材！教えやすくわかりやすい
特長２

スモールステップカリキュラム
特長３

級に合格すると缶バッチや記念品がもらえる
相性が良くない塾・今後の改善点

小学生を集めようという気持ちが薄い塾様",,,taxable,,0,,,0,0,,,,,1,,,,教材作成,新規生徒の増加,,https://edu-match.com/wp-content/uploads/calturekids-abacus-logo.webp,,,,,,,,,100
,simple,,,スマイル将棋,1,0,visible,全くの初心者でも安心のゼロからスタートできる プロ棋士監修の将棋学習コンテンツ,"サービス概要

“プロ棋士”藤井聡太さんの活躍で注目されている日本の伝統文化・競技でもある将棋。
その将棋を教育の観点から見ると、思考力・集中力・問題解決力・先読みの力など様々な能力の向上が期待できます。

サービスの特長

特長１

全くの初心者がゼロから少しずつ学べます
特長２

プロ棋士認定の棋力認定証が発行されます
特長３

他教室と差別化が図れます
相性が良くない塾・今後の改善点

小学生を集めようという気持ちが薄い塾様",,,taxable,,0,,,0,0,,,,,1,,,,その他,新規生徒の増加,,https://edu-match.com/wp-content/uploads/smile-shogi-logo.webp,,,,,,,,,100
,simple,,,ゲームクリエイターズ,1,0,visible,JavaScriptを使った本格的プログラミング教室。オンライン指導です！,"サービス概要

JavaScriptを使って本格的なプログラミングを学べる教室です。プロのゲームクリエイターやゲームプログラマーが監修した動画や教材を使用し、プログラミングの学習を行います。さらに、オンライン指導も受けることができるため、プログラミングの専門家でなくても本格的なプログラミング教室を開講することができます。

サービスの特長

特長１

中学生以上も集客できる。
特長２

加盟金、月会費が発生しない。
特長３

1人4,500円/月でご利用いただけます
相性が良くない塾・今後の改善点

対面指導を中心に指導したい。",,,taxable,,0,,,0,0,,,,,1,,,,授業管理,人材不足の解消,,https://edu-match.com/wp-content/uploads/culture-kids-programing-product-logo.webp,,,,,,,,,100
,simple,,,"月々1,100円の入退出/保護者連絡ツールOne Read",1,0,visible,"塾に関する管理システムはすべてOne Readにお任せ！月々1,100円から始められる！","サービス紹介動画


https://www.youtube.com/watch?v=7iz1v_nLJOg&t=5s
https://www.youtube.com/watch?v=BMna6gPH-fE
https://www.youtube.com/watch?v=IWjWptSMvhM
https://www.youtube.com/watch?v=HYovNKSHhmI&t=1s


サービス概要

学習塾や各種習い事のスクールにおいて安定した運営を目指す上で無視できない保護者とのコミュニケーション。One Readでは業界最安値ながら一切の妥協はありません。
人気の機能は「指導報告書作成機能」で、現在使用している媒体と似た形でフォームを作成できるため乗り換えも安心。保護者へ指導報告書を送信することで、指導の見える化が可能となります。
次に「入退室機能・メッセージ送信機能」です。シンプルではありますが、通学・通塾の安心の提供や双方向のコミュニケーションに便利です。こちらは税込1100円で利用できる点も多くの方からご評価いただいています。
今使っているシステムと比較してみてください！
サービスの特長

特長１

保護者との円滑なコミュニケーションを！
特長２

今使ってるシステムから乗換えて経費削減！
特長３

ブランディングのためのOEMも対応可能！
相性が良くない塾・今後の改善点

新機能の追加頻度が緩やか
オススメの活用法

便利な指導報告書の使い方
コミュニケーションが大事だが、手間をできる限り減らしたいと考えている場合は、指導報告書の項目・記入方法をカスタマイズできるので、作業工程を減らして効率化することができます。
料金体系

基本機能パック（入退室・メッセージ）が1100円（税込）で
１機能追加するごとに+1100円（税込）が加算されていきます。
５個以上の機能を追加するとフルプランの6600円（税込）となります。
導入を検討されている方へのメッセージ

まずは気軽にお問い合わせください。無料トライアルはいつでも受付中です。
コミュニケーションと経費削減の両立が可能です！
現在ご利用のシステムからの乗り換えも可能です！ぜひお手伝いさせてください！
また、「こんなことできる？？」と言ったご提案型の質問もお待ちしております。",,,taxable,,1,,,0,0,,,,,1,,,,コミュニケーション,"保護者とのコミュニケーションの円滑化, スタッフとのコミュニケーションの円滑化, 業務の効率化, 授業外における家庭学習の充実, その他",,https://edu-match.com/wp-content/uploads/oneread_logo1.webp,,,,,,,,,0
,simple,,,GDLS（ジーディーエルエス）,'-1,0,visible,学研グループが提供する、AIで個別最適化学習を実現するデジタル教材・教務システム,"サービス紹介動画


https://youtu.be/i3xXcwTl_8k


サービス概要

『GDLS』は、AIを活用して個別最適化学習を実現するデジタル教材・教務システムです。
豊富な教材コンテンツや学力向上を図る機能を備えております。生徒一人ひとりの学力や理解度に合わせた効果的な指導が可能となり、指導者様の教務負担を軽減し、生徒の指導や学習管理の効率を高めることができます。

デジタル教材と演習解説動画のワンストップ教材で生徒の学力アップを、学習管理システムと生徒管理システムで先生のコーチングをサポートします。

13万問の問題を塾にご提供している教材から出題している為、学習塾を運営している皆さまが取り入れやすい内容となっています。
また、人工知能を活用することにより、生徒一人一人に最適な問題を出題し、学習した結果を可視化することができ、生徒にアドバイスをしていただくことができます。
サービスの特長

特長１

先取り学習・復習に活用可能
特長２

教務負担を軽減
特長３

顧客満足度アップ退会防止
相性が良くない塾・今後の改善点

PCもしくはタブレットのご用意が難しい塾。webブラウザにてご使用いただく為、特に端末の指定はありませんが、スマートフォンは非対応です。
オススメの活用法

生徒毎の個別最適化学習が可能ですので、授業後の補講・テスト対策・復習・家庭学習習慣の定着などに活用することができます。
料金体系

お問い合わせください。
導入を検討されている方へのメッセージ

公式サイトではサービス内容のご案内や実際の活用事例などを豊富に掲載しております。弊社担当より直接ご説明に伺うことも可能ですので、お気軽にお問い合わせください。",,,taxable,,1,,,0,0,,,,,1,,,,AI学習,"人材不足の解消, 業務の効率化, 授業外における家庭学習の充実, 実写の映像授業を提供, オンラインコースの立ち上げ",,"https://edu-match.com/wp-content/uploads/gdls-logo.webp, https://edu-match.com/wp-content/uploads/gdls01.webp, https://edu-match.com/wp-content/uploads/gdls02.webp, https://edu-match.com/wp-content/uploads/gdls03.webp, https://edu-match.com/wp-content/uploads/gdls04.webp, https://edu-match.com/wp-content/uploads/gdls05.webp, https://edu-match.com/wp-content/uploads/gdls06.webp, https://edu-match.com/wp-content/uploads/gdls07.webp",,,,,,,,,10
,simple,,,塾の連絡帳つなぐ,1,0,visible,報告書自動作成で保護者様の満足度UP！,"サービス概要

塾の連絡帳「つなぐ」は、保護者さまとの連絡帳機能と顧客分析や講師の給与計算などができる、データ管理機能を持つシステムです。

サービスの特長

特長１

顧客管理機能で生徒の情報をキャッチアップ
特長２

スケジュール管理や振替申請も簡単完結
特長３

講師情報や勤怠管理も可能！
相性が良くない塾・今後の改善点

ICTツールの導入を考えていない塾・利用者さまとの密接な連携を通じて、ユーザビリティを向上させて参ります。",,,taxable,,0,,,0,0,,,,,1,,,,コミュニケーション,保護者とのコミュニケーションの円滑化,,https://edu-match.com/wp-content/uploads/renraku-tunagu-logo.webp,,,,,,,,,100
,simple,,,Quick Teacher（クイックティーチャー）,1,0,visible,東大・京大・医学生などの講師陣＋AI先生が24時間365日徹底サポート！,"サービス概要

クイックティーチャーは、
✔️ 最短反応時間3秒
✔️ 平均解決時間25分
✔️ レビュー平均4.8/5
と圧倒的な速度・品質で生徒様・学習塾様をサポートします！
まずはお気軽にお問い合わせください！
サービスの特長

特長１

24時間365日・全教科全科目対応！
特長２

生徒様・学習塾が嬉しいシステム！
特長３

ご予算に合わせた豊富な料金体系！
相性が良くない塾・今後の改善点

幼児向け・幼児限定の学習塾様",,,taxable,,0,,,0,0,,,,,1,,,,教材作成,授業外における家庭学習の充実,,https://edu-match.com/wp-content/uploads/quickteacher-logo.webp,,,,,,,,,100
,simple,,,テスト演習はDr.okke（ドクターオッケ）,1,0,visible,使いやすく、結果が出る、新しいテスト作成ツール,"サービス紹介動画


https://www.youtube.com/watch?v=peczrLyLDto
https://www.youtube.com/watch?v=FR6kpCVRDoo
https://www.youtube.com/watch?v=osS1U4lHB-0
https://www.youtube.com/watch?v=IHpmAU_e8KQ
https://www.youtube.com/watch?v=OszitsyrCRA


サービス概要

Dr.okkeは、とことんシンプルな使いやすさと、生徒とのコミュニケーションを重視した、高校生・既卒生対象の新しいテスト演習ツールです。

各生徒の状況やレベルに応じたテストを、1分で簡単に作ることができるので、業務効率化にもつながります。

スマホなどのあらゆる端末で問題演習ができ、採点やデータ化も一瞬で完了するため、いつでもすぐに定着度を確認でき、生徒や保護者の方々と質の高いコミュニケーションを行うことが可能です。

生徒からも、短期的な目標ができてモチベーションになると好評です。

リリースから2年弱で主要5教科と情報Ⅰへの対応を完了し、実際に、

★ 定期テストの数学が60点UP
★ 3ヶ月で全国模試の偏差値が7UP
★ 3ヶ月で共テの英語リーディングが50点UP
★ 2ヶ月で共テの古文が35点UP

といった結果も続々と出ており、全国で導入が進んでおります。
サービスの特長

特長１

確認テストから実力テストまで、これ1つで
特長２

丁寧な解説と関連動画で、実力とやる気UP
特長３

塾以外の場所でも、スマホで楽に演習・復習
相性が良くない塾・今後の改善点

生徒とのコミュニケーションを重視しているため、あくまでも先生がテストを作成・配信するという形にしております。そのため、なるべく自動化したい塾様とは相性が良くないかもしれません。
オススメの活用法

★ 授業中や宿題で小テストを配信し、生徒の定着度を客観的に把握
★ 映像授業や参考書の単元が終わったところで、確認テストを実施
★ 受験に向けて、単元をシャッフルした実力テストを毎週実施
料金体系

「実際に受験した」生徒アカウント数に応じた月額料金が発生します。リスク無く、塾の規模に応じたプランを用意しておりますので、詳しくは直接お問い合わせください。
導入を検討されている方へのメッセージ

能動的な学びを増やすことが、我々のミッションです。

そのためには、先生との人と人のコミュニケーションが必要不可欠ですが、生徒の「わかった」と「できる」には大きなギャップがあります。生徒の定着度や実力を正確に把握するためには、テスト形式の演習がとても重要だと考えております。

しかしながら、毎回テストの作成・採点・データ化を行うのは大変で、また人による差も出てしまいます。

それを解決するのが、Dr.okkeです。

使いやすく、一瞬であらゆるテストを実施できますので、先生と生徒のコミュニケーションの質と量が増え、また短期的な目標ができることで、生徒のモチベーションも上がり、良質な問題と詳しい解説でしっかりと結果につながります。

現在、全てのコンテンツを利用できる、1ヶ月超の無料トライアル期間を設けておりますので、ぜひお気軽にお問い合わせください。（トライアルのアカウントや履歴は、その後も引き継いでご利用いただけます）

また、公式ページにて、利用塾様の実際の活用事例や先生方から頂いた声もご紹介しておりますので、ぜひ合わせてご覧ください！
https://www.okke.co.jp/dr-okke",,,taxable,,1,,,0,0,,,,,1,,,,教材作成,"新規生徒の増加, 保護者とのコミュニケーションの円滑化, スタッフとのコミュニケーションの円滑化, 人材不足の解消, 業務の効率化, リモートワークの実現, 授業外における家庭学習の充実, 双方向リアルタイムオンライン授業を提供, オンラインコースの立ち上げ",,"https://edu-match.com/wp-content/uploads/dr-okke_logo.webp, https://edu-match.com/wp-content/uploads/dr-okke07.webp, https://edu-match.com/wp-content/uploads/dr-okke02.webp, https://edu-match.com/wp-content/uploads/dr-okke03.webp, https://edu-match.com/wp-content/uploads/dr-okke04.webp, https://edu-match.com/wp-content/uploads/dr-okke05.webp, https://edu-match.com/wp-content/uploads/dr-okke06.webp",,,,,,,,,10
,simple,,,スクールAI（エーアイ）,1,0,visible,教育に特化し生成AIを組み込んだサービス開発が誰でも簡単にできるプラットフォーム,"サービス紹介動画


https://youtu.be/ZtAg4YYZyLA?si=cecdecpurFCy6pkx


サービス概要

第20回 日本e-Learning大賞「経済産業大臣賞」を受賞したテクノロジーを活用した「スクールAI」は、教育に特化し生成AIを組み込んだサービスの開発が、誰でも簡単にできるプラットフォームです。生徒の学齢に合わせてカスタマイズ可能で、各生徒の思考過程をログから確認することができます。質問応対、英作文添削、面接練習、指導案作成、テスト問題作成など先生のアイデア次第で、より効果的な指導を実現することができます。
ハルシネーションのリスクを最小限に抑える機能や、個人情報を学習しない設計が取り入れられており、文部科学省のガイドラインにも完全対応。教育現場で安心してお使いいただけます。
サービスの特長

特長１

生徒の学齢や現場課題に応じてカスタマイズ
特長２

生徒の思考を可視化できるログ管理
特長３

生徒・先生の関係性を考慮した管理画面
相性が良くない塾・今後の改善点

生成AIを使うことに、消極的な塾
オススメの活用法

先生自身が普段、教育現場で感じている「こうだったらいいのに…」が、解決できます。プロトタイプ制作済のサービスもご用意。プロンプト（指示）をカスタマイズするだけで、独自のサービスを開発できます。
料金体系

詳しくは、お問合せください。
導入を検討されている方へのメッセージ

約20年にわたる教育現場での経験から、「目の前の子どもを伸ばしたい」という熱意が質の高い指導や効果的な教材開発につながると学んできました。特に、現場の声に耳を傾けることが、最も効果的な学習効果を生むサービスを生み出します。
今、生成AIが教育のあり方を変えつつあります。このテクノロジーの持つリスクを最小化し、価値を最大化するためには、教育現場の実情に基づいたサービス開発が不可欠です。しかし、「特別な技術がないと、AI組み込みサービスは難しい」と考える方は多いかと思います。
そこで、教育現場の先生や教材会社が簡単にAI組み込みサービスの開発をできるようにしたプラットフォームが、「スクールAI」です。安心して教育現場でAI活用するためのUI/UXに特化した「スクールAI」をぜひ体験ください。",,,taxable,,1,,,0,0,,,,,1,,,,AI学習,"人材不足の解消, 業務の効率化, 授業外における家庭学習の充実, 5教科以外の指導",,"https://edu-match.com/wp-content/uploads/school-ai_logo.webp, https://edu-match.com/wp-content/uploads/school-ai01.webp, https://edu-match.com/wp-content/uploads/school-ai02.webp, https://edu-match.com/wp-content/uploads/school-ai03.webp",,,,,,,,,98
,simple,,,塾探しの窓口,1,0,visible,成約課金型の新規生徒の集客サイトです。成約がなければ広告費0円。,"サービス概要

塾探しの窓口は、成約課金型の集客サイト。
成約に対する課金のみで新規の生徒を集客できます。

2021年9月にサイトをリリースして以降、大手個別指導塾や地域密着型の中規模塾など
費用対効果の高さから数多くの学習塾さまに好評いただいております。
サービスの特長

特長１

広告費は成約件数分だけ
特長２

入塾率 約20%の実績
特長３

最低契約期間なし&紹介ページを無料で制作",,,taxable,,0,,,0,0,,,,,1,,,,その他,新規生徒の増加,,https://edu-match.com/wp-content/uploads/jyukumado_logo.webp,,,,,,,,,100
,simple,,,この塾に通いたいチャンネル,1,0,visible,全国の通いたいと思う塾を紹介するＹｏｕＴｕｂｅチャンネル,"サービス概要

学習塾の集客のための動画を編集して、「この塾に通いたいチャンネル」に掲載します。
個人塾では、塾紹介動画を作成するのに動画の撮影や編集の仕方を１から学ばなければ作ることができません。
そこで、動画撮影の方法をお伝えして編集を行い掲載までを行うサービスです。
掲載された動画は、ホームページに埋め込み掲載することもでき、動画でも学習塾の良さや思いを伝えることができます。
サービスの特長

特長１

動画の撮影をお手伝いします。
特長２

動画の編集を行います。(リテイクあり)
特長３

動画で視覚的に良さを伝えます。
相性が良くない塾・今後の改善点

ホームページを持たない塾
オススメの活用法

塾のホームページにも動画を掲載していただき、動画でも塾の良さを伝えることができます。
料金体系

①素材提供コース
動画を撮影していただき編集します。

⓶インタビューコース
ズームにてのインタビュー動画を編集します。
導入を検討されている方へのメッセージ

生徒保護者に視覚的に塾の良さを伝えましょう。
動画についてご質問等ございましたら、ご連絡ください。",,,taxable,,1,,,0,0,,,,,1,,,,その他,新規生徒の増加,,https://edu-match.com/wp-content/uploads/kayoitai-ch.webp,,,,,,,,,98
,simple,,,プロクラ,'-1,0,visible,プロが作成したワールドで、高い集客力のマインクラフトの世界で学ぶプログラミング,"サービス紹介動画


https://youtu.be/eHRjQS9vAGY?si=ka9KRg2YlJ4VkyfP
https://youtu.be/yzmpSY67YNI


サービス概要

マインクラフトの世界で学ぶプログラミング教室です。
アジア初のプロのマインクラフター「タツナミ先生」が建築したワールドで
子ども達の知的好奇心を刺激します。さらに、ICT教育の第一人者「安藤先生」に教材を監修をいただき
加盟校舎さまからも高い評価をいただいており、集客力の強さにつながっております。

プログラミング教室の開校は初めてという方でも
準備から集客、開校後についても専任のスーパーバイザーがサポートします。

既に500以上の教室がご加盟いただいておりますので
ノウハウ、マニュアルも充実しております。

プログラミングが未経験の方でも
安心してスタートできる環境を整えております。
サービスの特長

特長１

子ども達を魅了するプロが作成したワールド
特長２

ICT教育第一人者が監修する教材
特長３

本業の生徒数増にもつながるコンテンツ
相性が良くない塾・今後の改善点

PC1台の動画授業をお求めの方
オススメの活用法


・ 新しい集客コンテンツを探している方


・ 新しいコンテンツを入れて早期に黒字、投資回収をしたい方


・ PCなどが教室にあり初期投資を抑えられる方


・ すでに教室や空きスペース・空き時間があり活用できる方

料金体系

非公開　詳しくは個別説明にてお伝えいたします。
導入を検討されている方へのメッセージ

現在、個別説明会を開催中です。
下記よりお問い合わせください。
https://timerex.net/s/005355higashino-ta_b97f/dde17632",,,taxable,,1,,,0,0,,,,,1,,,,その他,"新規生徒の増加, 5教科以外の指導",,https://edu-match.com/wp-content/uploads/programming-cloud_logo.webp,,,,,,,,,10
,simple,,,カキスタ（手書き式【チェックテスト】最適教材）,1,0,visible,手書きICT学習のイノベーション 〜「カキスタ」で記憶に残る学習体験〜,"サービス概要

【カキスタ】は学習体験の質を高めるための4つの重要な特徴を持っています。まず、学習において、手書き入力への徹底したこだわりを持っています。手書きによる学習は記憶に深く刻まれ、学習効果を高めます。次に、計算問題などのアウトプット中心の学習体験を提供し、実践的な理解を促進します。
サービスの特長

特長１

「手書き式」へのあくなきこだわり
特長２

英単語・計算など「チェックテスト」に最適
特長３

「リアルタイム質問」機能で塾の先生要らず
相性が良くない塾・今後の改善点

インプット中心の教材をお探しの塾様",,,taxable,,0,,,0,0,,,,,1,,,,教材作成,授業外における家庭学習の充実,,https://edu-match.com/wp-content/uploads/kakisuta_logo01.webp,,,,,,,,,100
,simple,,,数学バンク,'-1,0,visible,最短30秒で数学のオリジナル教材を作成！,"サービス概要

効率的な授業運営にコミットする数学学習支援システムです。豊富な問題数から簡単な操作で生徒別にオリジナル教材から分析レポートまで塾での業務を一元化し、先生の心にゆとりと時間を提供します！
サービスの特長

特長１

オリジナル類似問題集の作成が30秒で
特長２

生徒ひとりひとりに合わせた問題集を作成
特長３

パソコンが苦手でも 簡単に操作できる！
相性が良くない塾・今後の改善点

ネットの使用環境必須",,,taxable,,1,,,0,0,,,,,1,,,,教材作成,業務の効率化,,https://edu-match.com/wp-content/uploads/sugakubank_logo.webp,,,,,,,,,99
,simple,,,noiz（ノイズ）,1,0,visible,シーンとしないオンライン授業ツールnoiz,"サービス概要

noizは、Zoomのブレイクアウトルームの利便性とリアル教室の活気を融合させたツールです。ワンクリックで他のブレイクアウトルーム（テーブル）に瞬時に移動でき、周囲のテーブルの会話がうっすら聞こえるので、リアル教室のようなダイナミックなグループワークを実現することができます。
サービスの特長

特長１

リアル塾の雰囲気をオンラインで味わえる
特長２

同時に複数人が画面共有できる
特長３

Zoomが使えれば誰でも使用できる簡便性
相性が良くない塾・今後の改善点

セミナーのような一方向型の授業",,,taxable,,0,,,0,0,,,,,1,,,,授業管理,オンラインコースの立ち上げ,,https://edu-match.com/wp-content/uploads/noiz_logo.webp,,,,,,,,,100
,simple,,,ICT導入支援・運用支援,1,0,visible,ICTの導入から運用支援までトータルサポート,"サービス概要

ICT教育とはパソコンやタブレット端末、インターネットなどの情報通信技術を活用した教育手法です。
今までアナログで行っていた教育を先端技術を用いてデジタル化することで、学習の効率化や教育現場の負担軽減を図ることが可能です。
V-Growthでは、お客様のご要望に応じて最適なICT環境をご提案いたします。
端末導入時の選定や端末設定、快適なネットワーク環境の構築、導入後のトラブル対応など導入から運用までをトータルでサポートを行うサービスです。
サービスの特長

特長１

教育業界に特化した豊富な実績
特長２

目的や予算に合わせたデバイスをご提案
特長３

ICT導入後も安心の運用サポート付き
相性が良くない塾・今後の改善点

ICT化をご検討されない塾様
オススメの活用法

ICT活用は、個別指導でも集団授業でも家庭学習でも、どの場面でも有効です。
タブレットにコンテンツを豊富に揃えておくことで、生徒一人一人に合った学習（個別最適化された学習）を実現することができます。
料金体系

直接お問い合わせください。
導入を検討されている方へのメッセージ

V-Growthでは、ネットワークの導入コンサルからネットワーク設計、構築、構築後の保守及び、活用するためのデバイスやコンテンツの紹介等、トータルでマネジメントするサービスをご提供いたします。
「ICTを導入するために何が必要なのかわからない」「導入後の活用をどうすればよいかわからない」というような方も安心してお問い合わせください。",,,taxable,,1,,,0,0,,,,,1,,,,授業管理,"人材不足の解消, 業務の効率化, リモートワークの実現, 授業外における家庭学習の充実, 実写の映像授業を提供, 双方向リアルタイムオンライン授業を提供, オンラインコースの立ち上げ",,"https://edu-match.com/wp-content/uploads/v-growth.webp, https://edu-match.com/wp-content/uploads/v-growth01.webp, https://edu-match.com/wp-content/uploads/v-growth02.webp, https://edu-match.com/wp-content/uploads/v-growth03.webp, https://edu-match.com/wp-content/uploads/v-growth04.webp, https://edu-match.com/wp-content/uploads/v-growth05.webp",,,,,,,,,10
,simple,,,写メQ先生,1,0,visible,24時間対応 生徒の「なぜ？」を解決します。,"サービス概要

生徒さんは「わからない箇所」をスマホで撮影し、LINEで送信。
直接顔が見えないため、いつでもどこでも気軽に疑問・質問を投稿できます。
各科目の回答担当講師は、指導歴豊富なベテラン講師ばかり。
丁寧でわかりやすい解説で疑問を解決！

サービスの特長

特長１

質問対応可能な講師不足を解消します。
特長２

LINEで送るだけなので簡単・安全です。
特長３

自学自習をサポートします。
相性が良くない塾・今後の改善点

質問の仕方を指導出来ない教室",,,taxable,,0,,,0,0,,,,,1,,,,その他,授業外における家庭学習の充実,,https://edu-match.com/wp-content/uploads/syame.webp,,,,,,,,,100
,simple,,,性格４タイプ別習慣術,1,0,visible,生徒の強みと課題を知る 性格４タイプ別「学習の習慣化」,"サービス概要

生徒の特性に合わせて、自己学習を習慣化できるように、個別支援ができるようになる。習慣化を探求した結果、「続ける方法」に「絶対解」「唯一解」はない、自分にとっての「最適解」があるだけということが分かりました。
行動特性、うさぎ（短期集中型）とカメ（長期分散型）
動機特性、キリギリス（快楽追求型）とアリ（リスク回避型）
を２軸に取り、４象限で分けたものを童話マトリックスと呼んでおります。
うさギリス、うさアリ、かめアリ、かめギリスによって学習への態度や行動支援、動機づけの方法が異なります。生徒自身がタイプを知り、先生、親がそれを知ることで、特性に合った長期的な学習の習慣化を支援できます。
サービスの特長

特長１

オリジナルの学習習慣のタイプ分け
特長２

タイプ別の生徒への学習支援の方法
特長３

習慣化の７つの技術
相性が良くない塾・今後の改善点

特になし
オススメの活用法

生徒と先生と親が理解することで、共通認識ができます。また、これをみんがくさんのAIシステムを活用することで、人の支援だけではなく、デジタルクローンによる支援へと拡大することができます。
料金体系

すべてオーダーメード、オリジナル提案となります。
導入を検討されている方へのメッセージ

まずは、オリジナル提案のご相談をください。",,,taxable,,1,,,0,0,,,,,1,,,,その他,"新規生徒の増加, 保護者とのコミュニケーションの円滑化, 5教科以外の指導",,https://edu-match.com/wp-content/uploads/syuukanka_logo.webp,,,,,,,,,10
,simple,,,MAXHUB「All in One Meeting Board」（マックスハブ オールインワンミーティングボード）,1,0,visible,Webでもリアルでも、デジタル化以上の体験で、真のDXをご提供します,"サービス概要

MAXHUBは、ホワイトボード、プレゼンテーション、Web会議の3つの機能を備えたオールインワン型のミーティングボードです。


サービスの特長

特長１

カメラ、マイク、スピーカー、Windows OSを内蔵
特長２

4K対応の大型ディスプレイ
特長３

ZoomやMicrosoft Teamsなど、主要なWeb会議アプリに対応
相性が良くない塾・今後の改善点

ICT機器の導入に抵抗のある塾",,,taxable,,0,,,0,0,,,,,1,,,,その他,業務の効率化,,https://edu-match.com/wp-content/uploads/maxhub_logo1.webp,,,,,,,,,100
,simple,,,となりに東大生,1,0,visible,365日質問し放題！『東大生』×『自宅学習』の強力な差別化で集客力UP・退塾防止,"サービス概要

東大生を中心とした講師が塾内で発生する質問にオンラインで対応します。

サービスの特長

特長１

365日いつでも東大生に質問可能
特長２

高品質：IT企業ではなく、教育企業が運営
特長３

料金は質問量に応じて！必要な時必要なだけ
相性が良くない塾・今後の改善点

即時対応を求める塾。質を重視する塾向き。",,,taxable,,0,,,0,0,,,,,1,,,,その他,オンラインコースの立ち上げ,,https://edu-match.com/wp-content/uploads/studycloud-school_logo_01.webp,,,,,,,,,100
,simple,,,Wernicke（ウェルニッケ）,1,0,visible,英語資格試験の公式評価基準を搭載したライティングとスピーキングの採点添削AI,"サービス概要

問題と回答から、30秒でスコアとフィードバックを表示！
学習者は不足しがちな練習量の確保ができ、指導者の皆様も、管理画面により複数生徒の学習管理と一括課題分析（AI）が可能となっています。
サービスの特長

特長１

公式評価基準を搭載したAIで採点
特長２

個人に合わせたフィードバック
特長３

IELTS, TOEFL対応
相性が良くない塾・今後の改善点

対象資格支援を展開する予定ではない塾",,,taxable,,1,,,0,0,,,,,1,,,,AI学習,新規生徒の増加,,https://edu-match.com/wp-content/uploads/wernicke_logo.webp,,,,,,,,,99
,simple,,,マンスリータブレット・スマホ,'-1,0,visible,生徒の増減に対応！初期費用0円解約料0円の塾用スマホ・タブレットレンタル,"サービス概要

学習塾の大きな悩みである、生徒数の増減。
塾で利用するスマホ・タブレットを購入やレンタルしたが、塾生数が増減した時に、急に解約できない、解約料がかかる。
購入するのも導入コストが高い。

マンスリータブレット・スマホは、そんな悩みを全部解決します。
・レンタルだから導入コストが安くなる
・契約は１ヵ月単位でいつでも解約できる
・更新料も解約料0円
なので、いつでも無料で解約可かつ、いつでも追加できます。
導入検討時の検証用でお試し利用にも適しています。

さらに、安い。
マンスリータブレット・スマホは、世界初の「端末利用時間」に着目したスマホを利用した分だけの従量課金プランもご用意しております！
使った分だけ支払いの新しいスマホ端末料金のコストダウンサービスです。
（iPhone、iPadはオプションの定額プランでご用意しています）

とはいえ、中古だし壊れるのでは？と心配の皆様、ご安心下さい。
創業15周年、350万台以上の携帯電話を販売し、品質も安心。初期不良率は業界最小の1％です。
万が一、壊れても保守がセットでさらに安心です。

まずはお見積りを是非ご依頼ください！
ご連絡おまちしております。

※マンスリータブレット・スマホはご法人様向けのサービスです。
サービスの特長

特長１

スマホを使った分だけの従量制プラン
月額の端末代が保守セットで300円～！
特長２

解約金０円！１台ごとに途中解約もできる。
特長３

iPhone、iPadは定額プランでご用意。使い方に応じて選べる。
相性が良くない塾・今後の改善点

通信用SIMカードは別途ご契約が必要です
オススメの活用法

★自宅でのオンライン学習や自宅学習に
各ご家庭で準備していただかなくても塾生の学習量アップや学習スタイルの提案が可能になります。
★塾の授業で利用するデバイスとして
１台～多台数までレンタル可能です。
料金体系

機種、プランにより異なりますので是非お気軽にお問い合わせください。
導入を検討されている方へのメッセージ

ご覧いただきありがとうございます！
マンスリータブレット・スマホは、１台から導入でき、いつでも解約できる、いつでも台数追加できる、解約料０円、更に保守加入が選択できる塾用スマホ、タブレットのレンタルサービスです。

塾で利用するスマホ・タブレットの購入やレンタル。
オンライン授業や塾の運営で必要だから、してみたものの月々の支払いコストが高い。
塾生数が増える度に買い足す費用が高額だったり、レンタルの手続きが面倒。。。
しかも、レンタルしていても急な台数の変更はできなかったり、解約しても解約料がかかったり、まとめて支払ったレンタル料は戻ってこない。。。

授業や塾の運営に必要不可欠なスマホやタブレットのそんなお悩みをマンスリータブレット・スマホで解決しませんか？

マンスリータブレット・スマホのメリット
・１ヶ月単位の契約・更新でいつでも解約できる
・解約料0円
・保守をつければ万が一の故障も安心

一般的な法人用スマホレンタルは月額費用が利用する期間によっては購入より高くなることはご存知ですか？
とはいえ購入するには導入時のコストがかかりすぎる。。。
レンタルか購入か、中古タブレットを購入するか。悩まれている塾の先生のお声からマンスリータブレット・スマホは生まれました！

一例で、レンタル月額費用の比較をしてみましょう。

iPhone7をレンタルの場合で比較しました。
ーーーーーーーーーーーーーーーーーーーーーーーーー
【他社レンタルの場合】
✔月額3,000円（税抜）
✔故障時等の保守なし

一見、月額500円～とが安いところもありますが、
・複数年単位で契約が必要
・解約ができない
とデメリットも。
ーーーーーーーーーーーーーーーーーーーーーーーーー
【マンスリータブレット・スマホの場合】
✔月額 保守なし700円・保守あり1,300円 （税抜）
✔保守をつければ安心の故障やバッテリー劣化にも対応。

更にタブレットの iPad5 Wi-Fi+Cellularモデルをレンタルの場合でも。
✔月額 保守なし1,300円・保守あり1,800円

ーーーーーーーーーーーーーーーーーーーーーーーーー
マンスリータブレット・スマホは業界最安値のコストダウンを実現しております。
タブレットやスマホを毎月定額で必要な分だけレンタルできて、更にレンタル端末の更新料・解約料は０円です。

創業15周年、創業から携帯電話の買取・検品・販売を行っており、今まで350万台以上の携帯電話を販売しております。
レンタル端末としてご用意する商品には中古スマホ・タブレットもございますが、1台1台しっかりと検品を行っておりますので品質も安心してご利用いただけます。
さらに、専用アプリと管理システムを利用して万が一の故障も簡単に故障診断、交換ができる保守もセットです。

どんなお困りごとがあるかだけでも聞かせてください！
ぜひお気軽にお問い合わせください。

※解約料0円について：最低利用期間として、ご契約初月＋1ヶ月のご利用をお願いしております。それ以降はいつでも自由に無料で解約可能です。",,,taxable,,0,,,0,0,,,,,1,,,,教材作成,"業務の効率化, 授業外における家庭学習の充実",,https://edu-match.com/wp-content/uploads/monthlytablet_sumaho_logo.webp,,,,,,,,,101
,simple,,,ELSA Speak（エルサスピーク）,1,0,visible,駿台導入：AI英語スピーキング/リスニング強化アプリ「ELSA Speak」,"サービス概要

AIが個別に指導！発音とリスニングを劇的に向上
ELSA Speakは、Google出資のAI英語学習サービスです。


サービスの特長

特長１

AIがあなただけの学習コーチ
特長２

塾生管理は専用機能で楽々！
特長３

教科書準拠で安心。会話リスニング練習可能
相性が良くない塾・今後の改善点

・全学年を対象としますが、主に効果的な学年は中学生以上からとなります。
※小学生ももちろんご活用いただけます。",,,taxable,,0,,,0,0,,,,,1,,,,AI学習,業務の効率化,,https://edu-match.com/wp-content/uploads/elsaspeak_logo.webp,,,,,,,,,100
,simple,,,Eye-Popper（アイポッパー）,1,0,visible,Webの利活用で塾にチカラを! 誰もが使っているLINEで生徒集客をしませんか。,"サービス概要

様々な形でWebを利活用した生徒集客のお手伝いをさせていただきます。①公式LINEとその強化ツールであるLPRESSを組み合わせた「塾プレス」による生徒集客　②LP(ランディングページ)＋LINE広告を利用した生徒集客　③Youtubeのチャンネルを作り自塾のつよみを伝える動画制作のお手伝い　長い間Webを利用して集客をしてきた塾が提供するサービスだからこそのつよみがあります。
サービスの特長

特長１

誰もが使うLINEを利用した生徒集客
特長２

公式LINEの機能を強化した塾PRESS
特長３

細かなターゲティングと効果的な広告の提案
相性が良くない塾・今後の改善点

すでにWebを効果的に利用されている方",,,taxable,,0,,,0,0,,,,,1,,,,その他,新規生徒の増加,,https://edu-match.com/wp-content/uploads/eye-popper_logo.webp,,,,,,,,,100
,simple,,,MagniLearn（マグニラーン）,1,0,visible,高校・大学入試、英語資格検定試験でも抜群の実績！英語4技能統合型AI学習ツール,"サービス概要

AIが学習者の「読む」「話す」「聞く」「書く」の英語4技能の弱点を分析し、学習者一人ひとりの弱点を最短距離で修正するための問題を出題。
サービスの特長

特長１

既存の英語学習の6倍の習熟度
特長２

英語資格試験で高い合格実績
特長３

管理者もAI活用で生徒の状況を簡単把握
相性が良くない塾・今後の改善点

英語検定試験に興味がなく、英単語の習得のみをご希望されている方",,,taxable,,0,,,0,0,,,,,1,,,,その他,授業外における家庭学習の充実,,https://edu-match.com/wp-content/uploads/magnilearn-logo_01.webp,,,,,,,,,100
,simple,,,磯一郎の１００万人の速読,1,0,visible,カルチャーキッズ会員は月額ひとり100円で利用できる速読ソフト,"サービス概要


名大SKY では創業以来、普通の子どもたちを子どもたちが望むより高いレベルの志望校、より高いレベルの目標に到達できるよう指導してきました。その子どもたちの人生のステージをチェンジさせる方法の一つに「速読」がありました。その速読という技能をより多くの子どもたちに身に付けてもらうため、この度速読研究家の磯一郎先生と一緒に「100万人の速読」を開発しました。
サービスの特長

特長１

無意識に文章を理解させる力を養成
特長２

パッと見て文章を認識する力を養成
特長３

眼筋を鍛えて識字幅を広げるトレーニング
相性が良くない塾・今後の改善点

速読をあまり有効と思っていない塾様",,,taxable,,0,,,0,0,,,,,1,,,,その他,その他,,https://edu-match.com/wp-content/uploads/million-sokudoku_logo.webp,,,,,,,,,100
,simple,,,Liew（リュウ）,1,0,visible,映像授業の第3世代へ,"サービス概要

Liewは、自塾オリジナルの動画配信アプリケーションをつくれるサービスです。
1IDあたり月額333円から、全学年・全科目・全単元に対応した7万本超えの動画を利用できます。
例えば、
★中学生に、学校教材に準拠した定期テスト対策コンテンツを配信
★高校生に、共通テストや志望校の対策コンテンツを配信
★他にも、おすすめの勉強方法や進路選択に関するコンテンツを配信
のように、各学習塾の用途に応じて配信コンテンツを自由に設定できます。
また、YouTubeだけではなく、自塾で撮影した動画も配信可能なため、授業の振り返りや欠席者フォローにも最適です。
サービスの特長

特長１

自塾オリジナルアプリとして利用可能
特長２

全学年・全科目・全単元に対応
特長３

生徒の視聴履歴や勉強時間を一括管理
相性が良くない塾・今後の改善点

業界動向に合わせて利用できる動画を更新中
オススメの活用法

★個別・自立型指導塾の場合
中学生には学校教材に準拠した5教科の動画を、高校生には自学自習のフォローとして全科目の動画を配信。
★集団指導塾の場合
講義を録画し、いつでも見返せるようにアーカイブ配信。
料金体系

1IDあたり月額333円から利用可能です。
詳細はお問い合わせください。
導入を検討されている方へのメッセージ

集団や個別、自立型といった指導形態を問わず、個人塾から大手予備校まで全国でご導入いただいています。
生徒数に合わせたプランをご用意しておりますので、少しでもご興味をお持ちいただけましたら、まずはお気軽にお問い合わせください！",,,taxable,,1,,,0,0,,,,,1,,,,教材作成,"新規生徒の増加, 人材不足の解消, 授業外における家庭学習の充実, 実写の映像授業を提供, 5教科以外の指導",,"https://edu-match.com/wp-content/uploads/liew_logo.webp, https://edu-match.com/wp-content/uploads/liew_01.webp, https://edu-match.com/wp-content/uploads/liew_02.webp, https://edu-match.com/wp-content/uploads/liew_03.webp, https://edu-match.com/wp-content/uploads/liew_04.webp, https://edu-match.com/wp-content/uploads/liew_05.webp, https://edu-match.com/wp-content/uploads/liew_06.webp, https://edu-match.com/wp-content/uploads/liew_07.webp, https://edu-match.com/wp-content/uploads/liew_08.webp",,,,,,,,,10
,simple,,,Britannica School（ブリタニカスクール）,1,0,visible,百科事典ベースの多読多聴コンテンツ！生徒の主体的な学びをサポート！,"サービス概要

ブリタニカの英語多読多聴コンテンツである『Britannica School』は、生徒のレベルに合わせた学習が可能であり、英語圏の学生も使用しているため本場のコンテンツに触れながら英語力の習得が可能です。百科事典ベースの記事が多数収録されており、高頻度で記事も更新されるため生徒の興味を惹きつけやすいのも特徴です！
TOEICスコアが上がったや英語の記事や文章を読むことに抵抗がなくなったという生徒の声が届いています！
サービスの特長

特長１

授業でも自習でも使える英語コンテンツ！
特長２

生徒の興味から主体的な学びをサポート！
特長３

歴史のあるブリタニカならではのコンテンツ
相性が良くない塾・今後の改善点

英会話の練習をさせたい塾",,,taxable,,0,,,0,0,,,,,1,,,,教材作成,授業外における家庭学習の充実,,https://edu-match.com/wp-content/uploads/britannica-school_logo.webp,,,,,,,,,100
,simple,,,猫の手クリエイター,1,0,visible,「猫の手も借りたい...」そんな時に頼れる貴塾の専任クリエイター,"サービス紹介動画


https://youtu.be/SKmcGjaFgR4


サービス概要

猫の手クリエイターは個人事業主、中小企業向け専任クリエイターサービスです。
自社宣伝のために
YouTube、Instagram、HPでマーケティングをしたいけど
【時間がない・社員を雇う余裕はない・知識がない・動画編集ができない】
そんな貴塾に向けたサブスク型のクリエイターサービスです。

プランごとに作業目安時間を設定しており、その時間内で動画編集、デザイン、SNS運用、WEB業務などをお任せいただけます。
これからの企業成長、事業拡大には創造力のあるクリエイターが不可欠！
学習塾様だけに限らず、他業種にわたり導入が進んでます。
サービスの特長

特長１

格安でクリエイターを利用し放題
特長２

ご希望に添える幅広い対応可能業務
特長３

月１で無料ZOOMミーティングを実施
相性が良くない塾・今後の改善点

SNSなどでの発信を行わない塾さん
オススメの活用法

初回ヒアリングで貴塾のご要望をヒアリングし、ご希望に沿ったプランをご提案させていただきます。
★現在【YouTube毎週投稿プラン】をご希望いただく学習塾さんが増えております。
料金体系



・ ライトプラン
28,000円（作業時間10時間/月）


・ スタンダードプラン
58,000円（25時間）


・ プレミアムプラン
88,000円（40時間）


・ YouTube毎週投稿プラン
62,000円


導入を検討されている方へのメッセージ

まずは導入の可否に関わらずZOOMにてご相談の機会をいただければと思います。
ぜひ一度お問合せください！！",,,taxable,,1,,,0,0,,,,,1,,,,その他,"新規生徒の増加, 人材不足の解消, 業務の効率化, オンラインコースの立ち上げ, その他",,https://edu-match.com/wp-content/uploads/nekonote-creator_logo.webp,,,,,,,,,10
,simple,,,オンライン自習室“ヤルッキャ”,1,0,visible,やる気不要のオンライン自習室。夏の生徒集客に一役買います。,"サービス概要

【アジア教育サミット Global Award Bronze賞・世界最大の教育コンペ GESA日本予選2位】
ヤルッキャは、小学生・中学生向けのオンライン自習室サービスです。

サービスの特長

特長１

目新しさと権威性を利用した生徒集客
特長２

生徒同士で一緒に学習、スケジュールも共有
特長３

生徒の自学習の様子を倍速動画で先生に送付
相性が良くない塾・今後の改善点

生徒の自学習を効果的に管理されている方",,,taxable,,0,,,0,0,,,,,1,,,,授業管理,新規生徒の増加,,https://edu-match.com/wp-content/uploads/yarukya_logo.webp,,,,,,,,,100
,simple,,,学習塾向け英文添削・音声添削受託サービス,1,0,visible,,"サービス概要

Dialog+は、貴社のオンライン英会話サービスの導入、運営、収益化のためのあらゆるサポートをいたします。Dialog+の契約先法人は150会社以上。日本の多くのオンライン英会話事業者様のビジネスの成功をサポートさせていただいています。",,,taxable,,0,,,0,0,,,,,1,,,,その他,オンラインコースの立ち上げ,,https://edu-match.com/wp-content/uploads/no-image-logo1.webp,,,,,,,,,100
,simple,,,どこでもSHOWBY（ショーバイ）,1,0,visible,,"サービス概要

「先生！ちょっと教えて下さい！」という軽い質問を、どうやったらオンラインで実現できるだろうか？そんな課題はどこでもSHOWBYで一挙に解決！どこでもSHOWBYを利用することで職員室や廊下のワンシーンのような環境をオンライン上で手に入れることができます。",,,taxable,,0,,,0,0,,,,,1,,,,その他,リモートワークの実現,,https://edu-match.com/wp-content/uploads/no-image-logo1.webp,,,,,,,,,100
,simple,,,クラコールCINNOX（シノックス）,'-1,0,visible,,,,,taxable,,1,,,0,0,,,,,1,,,,その他,,,,,,,,,,,,0
,simple,,,学習塾向けオンライン英会話サービスSchool EIKAIWA+,1,0,visible,,"サービス概要

学習塾・英会話スクール向けのオンライン英会話のSchool Eikaiwa+(スクール英会話プラス)は、子供たちが主体的・対話的に、英語コミュニケーションスキルを身に着けることを主眼に置いた小学生・中学生・高校生のための、スクール内でも自宅で受講できるサービスです。",,,taxable,,0,,,0,0,,,,,1,,,,その他,オンラインコースの立ち上げ,,https://edu-match.com/wp-content/uploads/no-image-logo1.webp,,,,,,,,,100
,simple,,,SNS学校連絡システム「つながる連絡」,1,0,visible,,"サービス概要

LINEでの学校-保護者のやりとりが可能になるシステムです。LINEを利用することで導入コストを抑えながらも、保護者の個人LINEアカウントの情報（ユーザー名やアイコン）が教員に直接表示されないプライバシー保護機能もご提供しておりますので、安心してお使いいただけます。",,,taxable,,0,,,0,0,,,,,1,,,,コミュニケーション,保護者とのコミュニケーションの円滑化,,https://edu-match.com/wp-content/uploads/no-image-logo1.webp,,,,,,,,,100
,simple,,,ENGLISH EXPRESS ONLINE（イングリッシュ エクスプレス オンライン）,1,0,visible,,"サービス概要

ENGLISH EXPRESS ONLINE（イングリッシュエクスプレスオンライン）は、インプットから、アウトプットまでを一貫してトレーニングできるe-learning教材です。 スラッシュリーディング、スラッシュごとのリスニング、スラッシュごとの和訳理解を行うことで、英文理解をまず行い、スラッシュごとの音読練習やタイピングを含んだ問題演習などでアウトプットまでをトレーニングします。",,,taxable,,0,,,0,0,,,,,1,,,,教材作成,授業外における家庭学習の充実,,https://edu-match.com/wp-content/uploads/no-image-logo1.webp,,,,,,,,,100
,simple,,,LearnMatch（ラーンマッチ）,1,0,visible,,"サービス概要

LeanMatchでは 7言語の語彙学習や 自分の学習したい単語を追加することが可能。翻訳機能でで、単語のみやテキスト全体を翻訳して、自分専用の辞書やコースブックに簡単に素早く追加することができます。",,,taxable,,0,,,0,0,,,,,1,,,,教材作成,授業外における家庭学習の充実,,https://edu-match.com/wp-content/uploads/no-image-logo1.webp,,,,,,,,,100
,simple,,,OK!検定+MyET,1,0,visible,,"サービス概要

MyETは、世界380万ダウンロード、東アジアで広く使用されている「話す」（そのための「聞く」を含む）トレーニングシステムです。繰り返し「話す」トレーニングを行い、学習者の弱点、そして改善への提案をソフトウェア、アプリ上で行います。世界9か国で特許を取得した音声分析システムが、人を介さず分析・判定・フィードバックを行います。いつでも、何度でも練習ができるので、習得に時間のかかる「話す」練習に最適です。各教材開発企業様とのコラボ商品も多く開発され、身近な教材で話す練習が可能です。",,,taxable,,0,,,0,0,,,,,1,,,,教材作成,授業外における家庭学習の充実,,https://edu-match.com/wp-content/uploads/no-image-logo1.webp,,,,,,,,,100
,simple,,,クラコールPBX＆クラコールFAX,1,0,visible,,"サービス概要

FAX設備不要！メールでFAXの送受信ができます。しかもFAXの受け取りが無料です。クラコール FAX は FAX をより身近に、便利に使うことが出来るサービスです。",,,taxable,,0,,,0,0,,,,,1,,,,その他,業務の効率化,,https://edu-match.com/wp-content/uploads/no-image-logo1.webp,,,,,,,,,100
,simple,,,株式会社Lumii,1,0,visible,,"サービス概要

動画マーケティング戦略の立案、動画制作、運用、効果検証まで、豊富な実績をもとにワンストップで支援します。予算を抑えながら効果的な動画マーケティング・DX推進を実現します。",,,taxable,,0,,,0,0,,,,,1,,,,その他,新規生徒の増加,,https://edu-match.com/wp-content/uploads/no-image-logo1.webp,,,,,,,,,100
,simple,,,Prebell,1,0,visible,,"サービス概要

インターネットに関する疑問や活用のポイントを紹介するのがこの『PreBell』。お悩み解決のための記事だったり、ちょっと笑える記事だったり。ソネットならではの情報をバラエティ豊かにお届けします。",,,taxable,,0,,,0,0,,,,,1,,,,その他,5教科以外の指導,,https://edu-match.com/wp-content/uploads/no-image-logo1.webp,,,,,,,,,100
,simple,,,Nisai Virtual Academy,1,0,visible,,"サービス概要

世界の拠点から経験豊富な講師陣が完全オンラインのライブレッスンでCambridgeプログラムを提供するインターナショナルスクール。オンラインスクールなので場所を問わず手軽に海外の教育を受けることができます。生徒の可能性を引き出し、目標を達成していくためにNisaiがチーム一丸となってサポートします。",,,taxable,,0,,,0,0,,,,,1,,,,その他,実写の映像授業を提供,,https://edu-match.com/wp-content/uploads/no-image-logo1.webp,,,,,,,,,100
,simple,,,ロボットスタート株式会社,1,0,visible,,"サービス概要

ポッドキャスト番組制作からリスナー獲得までを一気通貫で支援可能に",,,taxable,,0,,,0,0,,,,,1,,,,その他,新規生徒の増加,,https://edu-match.com/wp-content/uploads/no-image-logo1.webp,,,,,,,,,100
,simple,,,株式会社DYM NEXT,1,0,visible,,"サービス概要

弊社ではアウトバウンド施策からインバウンド施策まで電話対応周りのトータルサポートを行っております。アウトバウンド施策ではtoB/toCに対応しており既存顧客へのアプローチや営業代行、インバウンド施策では受電対応からデータ入力の事務作業まで一気通貫して行っていることに強みを持っています。",,,taxable,,0,,,0,0,,,,,1,,,,その他,業務の効率化,,https://edu-match.com/wp-content/uploads/no-image-logo1.webp,,,,,,,,,100
,simple,,,株式会社INTERMIND,1,0,visible,,"サービス概要

従業員のメンタルヘルスをサポートするためのソリューション",,,taxable,,0,,,0,0,,,,,1,,,,その他,人材不足の解消,,https://edu-match.com/wp-content/uploads/no-image-logo1.webp,,,,,,,,,100
,simple,,,サイトキャッチャー株式会社,1,0,visible,,"サービス概要

国内で最初のサイト売買仲介サービス「サイトキャッチャ―」を運営する。",,,taxable,,0,,,0,0,,,,,1,,,,その他,その他,,https://edu-match.com/wp-content/uploads/no-image-logo1.webp,,,,,,,,,100
,simple,,,株式会社Lister,1,0,visible,,"サービス概要

WebサイトのURLリストを入力するだけで問い合わせフォームに自動入力・自動送信できるフォーム営業ツールです。ツールはバックグラウンドで全自動で動くため、新規開拓営業を圧倒的に効率化できます。",,,taxable,,0,,,0,0,,,,,1,,,,その他,業務の効率化,,https://edu-match.com/wp-content/uploads/no-image-logo1.webp,,,,,,,,,100
,simple,,,株式会社リンクアンドパートナーズ,1,0,visible,,"サービス概要

プレスリリースの企画・作成・配信まで、全てをサポートする”PRIZMA 調査リリース”",,,taxable,,0,,,0,0,,,,,1,,,,その他,業務の効率化,,https://edu-match.com/wp-content/uploads/no-image-logo1.webp,,,,,,,,,100
,simple,,,ムビサク,1,0,visible,,"サービス概要

企業や法人の動画制作を低価格・短納期・高品質で実現します。企画提案、構成・絵コンテ作成、動画編集、BGM、ナレーション収録までワンストップで対応します。",,,taxable,,0,,,0,0,,,,,1,,,,その他,新規生徒の増加,,https://edu-match.com/wp-content/uploads/no-image-logo1.webp,,,,,,,,,100
,simple,,,株式会社クラウドシエン,1,0,visible,,"サービス概要

最適な助成金・補助金をマッチングし、 申請をサポートするクラウド経営支援サービス",,,taxable,,0,,,0,0,,,,,1,,,,その他,業務の効率化,,https://edu-match.com/wp-content/uploads/no-image-logo1.webp,,,,,,,,,100
,simple,,,はたかな,1,0,visible,,"サービス概要

IT業界を熟知した豊富なノウハウと、派遣や業務委託など幅広い契約条件で人材提案ができる「はたかな」",,,taxable,,0,,,0,0,,,,,1,,,,その他,人材不足の解消,,https://edu-match.com/wp-content/uploads/no-image-logo1.webp,,,,,,,,,100
,simple,,,Global Press,1,0,visible,,"サービス概要

日本語のプレスリリースを翻訳し英語・中国語・韓国語などに翻訳し海外メディアと連携・配信をする、海外向けプレスリリース配信サービスです。",,,taxable,,0,,,0,0,,,,,1,,,,その他,その他,,https://edu-match.com/wp-content/uploads/no-image-logo1.webp,,,,,,,,,100
,simple,,,tokuMo,1,0,visible,,"サービス概要

tokuMo（トクモ）. AIを搭載した 高校7教科 ICT教材. AIによる個別最適化学習と授業内容にあわせた充実の教科・機能で高等学校での学びを徹底サポート！",,,taxable,,0,,,0,0,,,,,1,,,,教材作成,アニメーションの授業を提供,,https://edu-match.com/wp-content/uploads/no-image-logo1.webp,,,,,,,,,100
,simple,,,個別指導WAM,1,0,visible,,"サービス概要

個別指導WAM（ワム）は、AIを活用した完全個別指導型の学習塾です。AIが子どもの弱点を分析し、オーダーメイドカリキュラムを作成することで、成績向上を実現することを目指しています",,,taxable,,0,,,0,0,,,,,1,,,,その他,塾立ち上げ,,https://edu-match.com/wp-content/uploads/no-image-logo1.webp,,,,,,,,,100
,simple,,,アクティメソッド,1,0,visible,,"サービス概要

子どもの英語力がグンと伸びる。その喜びを共有できるパートナーを募集しています。英語のライティングはすべてタイピングで行い、タイピングも効率的に学ぶことができます。",,,taxable,,0,,,0,0,,,,,1,,,,その他,塾立ち上げ,,https://edu-match.com/wp-content/uploads/no-image-logo1.webp,,,,,,,,,100
,simple,,,個別指導Axis,1,0,visible,,"サービス概要

顧客ニーズの変化を敏感にとらえた豊富な「商品構成」と独自の「開発力」で幅広い層の子どもたちに支持されています。オンライン指導や映像講座などeラーニング系の学習コンテンツは独自開発にこだわり、学習効果を追求し他塾との差別化を図っています。",,,taxable,,0,,,0,0,,,,,1,,,,その他,塾立ち上げ,,https://edu-match.com/wp-content/uploads/no-image-logo1.webp,,,,,,,,,100
,simple,,,アドバンスパソコンスクール,1,0,visible,,"サービス概要

地域密着のサブスクリプション型パソコン教室を軸に沢山の生徒様を獲得したノウハウをパッケージ販売しております。あなたのパソコンスクール開業に向けサポートさせて頂きます。",,,taxable,,0,,,0,0,,,,,1,,,,その他,塾立ち上げ,,https://edu-match.com/wp-content/uploads/no-image-logo1.webp,,,,,,,,,100
,simple,,,松陰塾,1,0,visible,,"サービス概要

学習塾FCなのにロイヤリティ無し。開業者本位の新方式！子どもたちが自ら学べる学習システム。個別指導塾40年以上。成功ノウハウを全て公開します!!開業前・開業後の安心のサポート体制!!",,,taxable,,0,,,0,0,,,,,1,,,,その他,塾立ち上げ,,https://edu-match.com/wp-content/uploads/no-image-logo1.webp,,,,,,,,,100
,simple,,,京進の個別指導スクール・ワン,1,0,visible,,"サービス概要

教室運営の経験・実績豊富な当社のプランナーがあなただけの開業プランを一緒に計画します。書類作成や融資先など、創業に必要なものはすべてお任せください！",,,taxable,,0,,,0,0,,,,,1,,,,その他,塾立ち上げ,,https://edu-match.com/wp-content/uploads/no-image-logo1.webp,,,,,,,,,100
,simple,,,ITTO個別指導学院,1,0,visible,,"サービス概要

創業30年、全国に学習塾1220校を展開する当社が培った運営ノウハウをブラッシュアップし、完成度を高めた小・中・高校生向け個別指導ブランド。",,,taxable,,0,,,0,0,,,,,1,,,,その他,塾立ち上げ,,https://edu-match.com/wp-content/uploads/no-image-logo1.webp,,,,,,,,,100
,simple,,,7つの習慣J,1,0,visible,,"サービス概要

『7つの習慣』のメソッドを使い、子ども向けのプログラムにアレンジしたものが「7つの習慣Ｊ®」プログラムです。自立心や協調性、自分を磨く必要性をわかりやすく子どもたちに伝え、学習の土台となる素直さや目標達成に対する達成意欲などを仕組化しています。プログラムを通して、生徒の学ぶ力、成長速度を加速させていくことができます。",,,taxable,,0,,,0,0,,,,,1,,,,その他,その他,,https://edu-match.com/wp-content/uploads/no-image-logo1.webp,,,,,,,,,100
,simple,,,個別指導塾 個太郎塾,1,0,visible,,"サービス概要

スケールメリット・低資金での開業・講師採用・個別指導塾と映像授業の融合・充実した研修体系・定期的な学習会・運営支援システム、７つの魅力でオーナー様のささえます。",,,taxable,,0,,,0,0,,,,,1,,,,その他,塾立ち上げ,,https://edu-match.com/wp-content/uploads/no-image-logo1.webp,,,,,,,,,100
,simple,,,ウィズ・ユー,1,0,visible,,"サービス概要

放課後等デイサービスウィズ・ユーは、週休ありの１日８時間、安定した長期的ストック収益の社会貢献インフラ事業です。開業時には運転資金を必要としますが、初年度から黒字となります。",,,taxable,,0,,,0,0,,,,,1,,,,その他,その他,,https://edu-match.com/wp-content/uploads/no-image-logo1.webp,,,,,,,,,100
,simple,,,EQWELチャイルドアカデミー,1,0,visible,,"サービス概要

０歳からの幼児教室　ＥＱＷＥＬチャイルドアカデミーを運営してみませんか？幼児教育が未経験の方もたくさん活躍されています。 ＥＱＷＥＬのフランチャイズ加盟は楽しく、やりがいのある仕事です。",,,taxable,,0,,,0,0,,,,,1,,,,その他,その他,,https://edu-match.com/wp-content/uploads/no-image-logo1.webp,,,,,,,,,100
,simple,,,ECCの個別指導塾 ベストワン,1,0,visible,,"サービス概要

もっと伸びたいのに、なかなか伸びることができない。そんな子どもたちの可能性を応援する事業です。あなたにその気があれば、未経験でも、小さな規模からでもすぐ始められます。",,,taxable,,0,,,0,0,,,,,1,,,,その他,塾立ち上げ,,https://edu-match.com/wp-content/uploads/no-image-logo1.webp,,,,,,,,,100
,simple,,,個別指導塾トライプラス,1,0,visible,,"サービス概要

知名度抜群の「家庭教師のトライ」から生まれた個別指導塾トライプラス！子供からお年寄りまで誰もが知っているTVCMのプロモーション効果に加えて、日本随一の教育集団「トライグループ」の強力なサポート体制で、ローコスト・ローリスクでFCビジネスの成功を目指せます!",,,taxable,,0,,,0,0,,,,,1,,,,その他,塾立ち上げ,,https://edu-match.com/wp-content/uploads/no-image-logo1.webp,,,,,,,,,100
,simple,,,個別学習のセルモ,1,0,visible,,"サービス概要

日本全国の小中学生に対し、地域差を感じることなく、優れた学習環境を作り、自分の力で問題を解くことができる子どもを育てる。初期投資もランニングコストも抑えることで、損益分岐点が低いセルモは、事業を継続していくうえで大きな魅力です。",,,taxable,,0,,,0,0,,,,,1,,,,その他,塾立ち上げ,,https://edu-match.com/wp-content/uploads/no-image-logo1.webp,,,,,,,,,100
,simple,,,明光義塾,1,0,visible,,"サービス概要

全国ネットワーク、教室数No.1の実績から得られた豊富なバックボーン。安心・充実のサポートで、オーナーをしっかり支え続けます。",,,taxable,,0,,,0,0,,,,,1,,,,その他,塾立ち上げ,,https://edu-match.com/wp-content/uploads/no-image-logo1.webp,,,,,,,,,100
,simple,,,自立学習RED,1,0,visible,,"サービス概要

「正社員講師1名×AIタブレット」ローコスト運営で効率よく成績UP！確率された独自ノウハウで他塾と差別化。今、注目の自立学習モデル。",,,taxable,,0,,,0,0,,,,,1,,,,その他,塾立ち上げ,,https://edu-match.com/wp-content/uploads/no-image-logo1.webp,,,,,,,,,100
,simple,,,ブロッサムジュニア,1,0,visible,,"サービス概要

「児童発達支援」「放課後等デイサービス」です。療育を通して、自尊感情をたかめ、社会のなかにとびだしていけるように。「わたしはわたしでいい」とありのままの自分をすきになり、自信をもって生きていけるように。",,,taxable,,0,,,0,0,,,,,1,,,,その他,その他,,https://edu-match.com/wp-content/uploads/no-image-logo1.webp,,,,,,,,,100
,simple,,,s-Live,1,0,visible,,"サービス概要

経験豊富な本部スタッフが、開校までサポートします！生徒(小中学生)１６人で黒字経営が可能な収益シミュレーションがあります。",,,taxable,,0,,,0,0,,,,,1,,,,その他,塾立ち上げ,,https://edu-match.com/wp-content/uploads/no-image-logo1.webp,,,,,,,,,100
,simple,,,Apple Junior,1,0,visible,,"サービス概要

療育と言われる「社会的に自立して生活できるよう、それぞれの状態に応じた支援」を行います。知識のない方でもオーナーとして、開業し、運営できることは当たり前の大前提です。Apple Juniorでは、オーナー様に利益を出して頂く事を重要視しています。どのようにすれば集客できるか、どのようにすればコストを下げる運営することが出来るかを追求している点が特徴です。",,,taxable,,0,,,0,0,,,,,1,,,,その他,その他,,https://edu-match.com/wp-content/uploads/no-image-logo1.webp,,,,,,,,,100
,simple,,,チャイルド・アイズ,1,0,visible,,"サービス概要

""考える遊び""を通じて、お子さまの才能を引き出すチャイルド・アイズ。単なる教育ビジネスを超えた、地域のコミュニティ基盤という社会的役割をも担っています。",,,taxable,,0,,,0,0,,,,,1,,,,その他,その他,,https://edu-match.com/wp-content/uploads/no-image-logo1.webp,,,,,,,,,100
,simple,,,スクールIE,1,0,visible,,"サービス概要

少子化が進む中でも選ばれ続けるスクールIE。⼦どもの性格‧個性に合わせた個別指導でやる気を引き出すスクールIEの教育サービスです。",,,taxable,,0,,,0,0,,,,,1,,,,その他,塾立ち上げ,,https://edu-match.com/wp-content/uploads/no-image-logo1.webp,,,,,,,,,100
,simple,,,バレッドキッズ,1,0,visible,,"サービス概要

大学生以上を対象に、学校や仕事で必要とされる基礎から中級レベルまでのPCスキルを身につけることができる教室です。 子ども向けPC-ICT教室「バレッドキッズ」のノウハウも活かし、パソコン初心者の方でもそれぞれのペースで楽しく学べます。",,,taxable,,0,,,0,0,,,,,1,,,,その他,塾立ち上げ,,https://edu-match.com/wp-content/uploads/no-image-logo1.webp,,,,,,,,,100
,simple,,,ヒューマンアカデミージュニア,1,0,visible,,"サービス概要

ヒューマンアカデミージュニアの教育コンテンツは幼児から受講可能で、組み合わせることにより、高い集客力・継続率が期待できます。子どもたちの能動的な学習姿勢を育むことへのやりがいに加えて、資金面での開講のしやすさ、塾や各種スクールなど本業との両立がし易く、相乗効果が得られる点なども、オーナー様からの支持を集める理由になっています。",,,taxable,,0,,,0,0,,,,,1,,,,その他,塾立ち上げ,,https://edu-match.com/wp-content/uploads/no-image-logo1.webp,,,,,,,,,100
,simple,,,小学生・中学生のためのプログラミング教室「CodeCampKIDS」,1,0,visible,小中学生の未来を育てる プログラミング教室、はじめませんか？,"サービス概要

小中学生の未来を育てる プログラミング教室、はじめませんか？

・サービス概要
CodeCampKIDSは、初めてでも楽しく学べるビジュアルプログラミングから、本格的なゲーム開発等を学ぶことのできる、小学生・中学生のためのプログラミングスクールです。

東証プライム上場のITコンサルティングカンパニーであるフューチャー株式会社のグループ会社であり、現役エンジニアがマンツーマンでプログラミングを指導するコードキャンプ株式会社が運営しています。

CodeCampKIDSは、小中学生がどの地域に住んでいても、等しく良質な プログラミング学習環境に出会えるようにするために、私たちのツールを使って プログラミングの楽しさを広めていただけるパートナー教室を募集しています。
サービスの特長

特長１

プログラミング未経験でも開校可能！
特長２

高品質な教育を最小限のコストで導入可能！
特長３

東証プライム上場のグループ会社が運営！
相性が良くない塾・今後の改善点

特になし
オススメの活用法

【定額5万円で1教室使い放題】
教材導入に必要な費用はこれだけ
・初回契約料初月のみ      440,000円（税込）
・月額利用料  55,000円（税込）
※教室運営に必要な備品等はご自身でご準備いただきます。
料金体系

詳細はお問い合わせください。
導入を検討されている方へのメッセージ

子ども達の教育への情熱さえあればプログラミング教室をはじめられる仕組みがあります
・プログラミング未経験でも高品質な学びを提供できる
・導入コストを最小限に抑えられる
・対象学年が広く受講生を確保しやすい
・導入前サポートで初めての教室運営を安心して開始できる

★まずはお気軽にご相談ください
・教材内容について詳しく知りたい
・開校に必要な費用や準備について知りたい
・具体的な導入事例について話を聞きたい、など
https://codecampkids.jp/franchise/inquiry",,,taxable,,1,,,0,0,,,,,1,,,,その他,"新規生徒の増加, 5教科以外の指導",,"https://edu-match.com/wp-content/uploads/codecampkids.webp, https://edu-match.com/wp-content/uploads/codecampkids_01.webp, https://edu-match.com/wp-content/uploads/codecampkids_02.webp, https://edu-match.com/wp-content/uploads/codecampkids_03.webp, https://edu-match.com/wp-content/uploads/codecampkids_04.webp, https://edu-match.com/wp-content/uploads/codecampkids_05.webp, https://edu-match.com/wp-content/uploads/codecampkids_06.webp, https://edu-match.com/wp-content/uploads/codecampkids_07.webp, https://edu-match.com/wp-content/uploads/codecampkids_08.webp",,,,,,,,,10
,simple,,,現論会,1,0,visible,,"サービス概要

難関大合格特化型のパーソナルコーチング塾です。全科目のオーダーメイド計画と、毎週のテストについてくれば難関大学に合格できる塾です。",,,taxable,,0,,,0,0,,,,,1,,,,その他,塾立ち上げ,,https://edu-match.com/wp-content/uploads/no-image-logo1.webp,,,,,,,,,100
,simple,,,いしど式そろばん教室,1,0,visible,,"サービス概要

生徒の指導法や指導者育成方法、開校ノウハウ、ネット展開、経営戦略に至るまで、当社はそろばん業界の中では他の追従を許さないリーディングカンパニーとして不動の地位に登りつめました。いち早く、そろばんをただの計算道具ではなく、「能力開発の教育教具」としてとらえ幼児指導の真髄を極めた「いしど式そろばん」ノウハウを提供するシステムがフランチャイズ加盟事業です。",,,taxable,,0,,,0,0,,,,,1,,,,その他,塾立ち上げ,,https://edu-match.com/wp-content/uploads/no-image-logo1.webp,,,,,,,,,100
,simple,,,英才個別学院,1,0,visible,,"サービス概要

加盟金、保証金０円で始められ、生徒が20名に達するまでロイヤリティが０円であるため、新規に学習塾を立ち上げようと考えている方には始めやすい。研修サポートも充実し、塾業界未経験者でも安心。",,,taxable,,0,,,0,0,,,,,1,,,,その他,塾立ち上げ,,https://edu-match.com/wp-content/uploads/no-image-logo1.webp,,,,,,,,,100
,simple,,,ロボ団,1,0,visible,,"サービス概要

ロボ団は、年長から通えるロボットプログラミング教室です。子どもたちの”好き”や”面白い”といった好奇心やワクワクする気持ちを大切にしています。",,,taxable,,0,,,0,0,,,,,1,,,,その他,新規生徒の増加,,https://edu-match.com/wp-content/uploads/no-image-logo1.webp,,,,,,,,,100
,simple,,,gaプログラミング,1,0,visible,,"サービス概要

IT企業で培った教育ノウハウで、子どもたちの可能性を応援するやりがいのある事業です。gaプログラミングには、ゲーム、ロボット、動画、AIの4つのコースがあり、生徒が興味を持ったプログラミングのコースが選べます。",,,taxable,,0,,,0,0,,,,,1,,,,その他,新規生徒の増加,,https://edu-match.com/wp-content/uploads/no-image-logo1.webp,,,,,,,,,100
,simple,,,iTeen,1,0,visible,,"サービス概要

今最もアツい！小学生から高校生のためのプログラミングスクールを開業してみませんか。プログラミング業界初「個別指導スタイル」で必ず身に付く。成長する。",,,taxable,,0,,,0,0,,,,,1,,,,その他,新規生徒の増加,,https://edu-match.com/wp-content/uploads/no-image-logo1.webp,,,,,,,,,100
,simple,,,STEMON,1,0,visible,,"サービス概要

ステモンは日本初の幼児・小学生向けSTEAM教育×プログラミングスクールです。Engineeringを軸としたプロジェクトを通じて、「しる」「つくる」「ためす」を繰り返すことで、“自ら課題を設定し、自分なりの答えを創造する力”を育みます。",,,taxable,,0,,,0,0,,,,,1,,,,その他,新規生徒の増加,,https://edu-match.com/wp-content/uploads/no-image-logo1.webp,,,,,,,,,100
,simple,,,幼児～高校生が学べるプログラミング教室,1,0,visible,夢中で学べる、ワンランク上のプログラミング教室,"サービス概要

約40年以上にわたり学習塾を運営してきた㈱Blue Planetが設立したプログラミング教室です。その経験を活かし、現在では全国122教室を運営しております。

Kidsプログラミングラボで、何より大切にしているのは、子どもたちが楽しく学べる環境づくり。

自ら進んで学ぶ姿勢を身につけてもらうために、子どもの「楽しい」を引き出す、ワンランク上のプログラミング教室です。

■Kidsプログラミングラボの特徴
①．12年間のロングコース
・簡単なビジュアル言語だけでなく、本格的な言語が学べる。

②．公教育授業サポート用オリジナル教材の提供
・公立小学校13校で授業サポート実績
サービスの特長

特長１

長期一貫カリキュラムで安定した収益が見込
特長２

未経験の方でも安心して加盟ができる
特長３

学校教育機関への参入
相性が良くない塾・今後の改善点

マインクラフト
オススメの活用法

未経験（副業）の方でも大歓迎！　ビジュアル言語から本格的な言語まで12年間のカリキュラムがございます。子どもに沿ったコースを提供できます。
料金体系

ビジュアル言語（Scratch）
平均9,000円～

テキスト言語（Python、HTML/CSS/JavaScript、C#）
平均12,000円～
導入を検討されている方へのメッセージ

Kidsプログラミングラボでは、未経験者の方でもスムーズに開業できるよう、運営、集客方法をワンパッケージにして、より質の高い教育事業経営をサポートしています。さまざまに用意した開講コースによって、専業から副業まで、資金やリスクを抑え、状況や目標に合わせた導入を可能としています。　

皆さまが描く人生設計、そのイマジネーションを実際のアクションに変えるお手伝いを私たちは全力でバックアップいたします。",,,taxable,,1,,,0,0,,,,,1,,,,その他,新規生徒の増加,,https://edu-match.com/wp-content/uploads/kids-prolab_logo.webp,,,,,,,,,98
,simple,,,アントレキッズ,1,0,visible,,"サービス概要

アントレキッズでは、学習指導要領の改訂前から、プログラミング教育やICT教育の発展に協力してきた実績から、子どもへのプログラミング教育のノウハウがあります。フランチャイズで低資金・省スペース・低リスクで開業してみませんか？",,,taxable,,0,,,0,0,,,,,1,,,,その他,新規生徒の増加,,https://edu-match.com/wp-content/uploads/no-image-logo1.webp,,,,,,,,,100
,simple,,,学研CAIスクール,1,0,visible,,"サービス概要

多くの小中学生、保護者の方から選ばれている、学研CAIスクール。創業76年のノウハウを結集した学研の安心感、学研独自のデジタル教材を使った授業、生徒に寄り添った講師による個人別指導が特徴です。",,,taxable,,0,,,0,0,,,,,1,,,,その他,塾立ち上げ,,https://edu-match.com/wp-content/uploads/no-image-logo1.webp,,,,,,,,,100
,simple,,,子どもデザインアカデミー開業支援,1,0,visible,,"サービス概要

イラストはネット世代の子どもたちのニーズが高いのに競合がほとんど無いため、他の学習塾や習い事に通う子どもにも、自社へ足を運んでもらえるチャンスが増えます。",,,taxable,,0,,,0,0,,,,,1,,,,その他,新規生徒の増加,,https://edu-match.com/wp-content/uploads/no-image-logo1.webp,,,,,,,,,100
,simple,,,電話代行サービスfondesk,1,0,visible,,"サービス概要

集中して仕事に取り組みたいあなたのために、fondeskが会社や事務所の電話受付を代行して、チャットやメールで電話の内容をお知らせします。24時間いつでもオンラインで簡単セットアップができ、5分程度のお手続きで、すぐにオペレーターが対応を開始します。",,,taxable,,0,,,0,0,,,,,1,,,,その他,業務の効率化,,https://edu-match.com/wp-content/uploads/no-image-logo1.webp,,,,,,,,,100
,simple,,,AI電話代行サービスIVRy,1,0,visible,,"サービス概要

これまで「人」が対応していた電話の受付業務を「AI」が代わりに行うことにより、電話受付にかかる時間の大幅な削減を実現します。店舗での接客やオフィスワークといった、電話以外の重要な業務に集中できるようになります。",,,taxable,,0,,,0,0,,,,,1,,,,その他,業務の効率化,,https://edu-match.com/wp-content/uploads/no-image-logo1.webp,,,,,,,,,100
,simple,,,月謝ペイ,1,0,visible,,"サービス概要

スクール運営での代金回収を効率化する継続課金機能を集約した月謝に特化した決済代行サービスです。クレジットカード決済や、口座振替など、生徒ごとのニーズに応じた複数の決済手段をもちいて、月謝の集金業務（決済）を毎月自動処理するシステムです。",,,taxable,,0,,,0,0,,,,,1,,,,その他,業務の効率化,,https://edu-match.com/wp-content/uploads/no-image-logo1.webp,,,,,,,,,100
,simple,,,学習塾の業務改善クラウドジュクゴー,1,0,visible,,"サービス概要

ひとり100円で利用できる業界最安の学習塾管理システム、指導報告、チャット、請求、入退出など、塾に必要な30もの機能を１つのパッケージに。",,,taxable,,0,,,0,0,,,,,1,,,,その他,業務の効率化,,https://edu-match.com/wp-content/uploads/no-image-logo1.webp,,,,,,,,,100
,simple,,,すごい塾FC,1,0,visible,,"サービス概要

教育革命、多様化する社会のための新しいコンセプト勉強の負担を減らす塾! 新しい3つのルートで生徒の状況に合わせた指導が可能! 学校対応のパラレル、受験対応のクイック、最速の韋駄天!",,,taxable,,0,,,0,0,,,,,1,,,,その他,塾立ち上げ,,https://edu-match.com/wp-content/uploads/no-image-logo1.webp,,,,,,,,,100
,simple,,,総合教育コスモ,1,0,visible,,"サービス概要

創業1988年、教師の求人情報、転職支援センター。「理想的な教育の実現」「教育現場で仕事をしたい」「もっと学びたい」それぞれに叶えたい願いがあり、それらを実現するための手段として生まれたのがコスモです。",,,taxable,,0,,,0,0,,,,,1,,,,その他,人材不足の解消,,https://edu-match.com/wp-content/uploads/no-image-logo1.webp,,,,,,,,,100
,simple,,,パンセフロンティエル,1,0,visible,,"サービス概要

「世界に出ても負けない子に育てる」ため開発された小学校低学年専門のオンライン講座です。AIの技術を搭載した、世界基準の算数教材『玉井式KIWAMI AAA+（エーエーエープラス）』を活用して、低学年では学ぶ機会の少ない図形や思考・推理問題をバランスよく学びます。",,,taxable,,0,,,0,0,,,,,1,,,,その他,新規生徒の増加,,https://edu-match.com/wp-content/uploads/no-image-logo1.webp,,,,,,,,,100
,simple,,,Life is Teck! for学習塾,1,0,visible,,"サービス概要

学校導入No.1の実績のもと開発された、学習塾・予備校向けの共通テスト「情報Ⅰ」対策教材。文部科学省高校情報科の前調査官、鹿野利春氏が顧問として監修しています。",,,taxable,,0,,,0,0,,,,,1,,,,教材作成,5教科以外の指導,,https://edu-match.com/wp-content/uploads/no-image-logo1.webp,,,,,,,,,100
,simple,,,個別指導のりんご塾,1,0,visible,,"サービス概要

りんご塾は滋賀県を中心に算数に特化して授業を展開している幼児から小学生までを対象とした学習塾です。りんご塾では、算数以外にもそろばんや書道、また各種模試にも取り組み、スモールステップを踏みながら成功体験を積むことで困難に向かって最後までやり遂げる力を育みます。",,,taxable,,0,,,0,0,,,,,1,,,,その他,塾立ち上げ,,https://edu-match.com/wp-content/uploads/no-image-logo1.webp,,,,,,,,,100
,simple,,,英検特化型オンライン英会話代理店,1,0,visible,英検特化型オンライン英会話で、集客と収益を飛躍的にアップ！,"サービス紹介動画


https://www.youtube.com/watch?v=iGO4qcOgpvY


サービス概要

教室ブランドで始められる、英検対策に特化したオンライン英会話サービスです。
生徒様の英語力を確実に向上させることで教室の魅力を高め、集客を強化します。
教室内でも自宅でも活用でき、収益の増加を目指せる強力なツールです。
英検に強いオンライン英会話を強みにしませんか？

★既存の英語指導と組み合わせて単価アップ
★英語の講師がいなくても利用可能
★教室と自宅のハイブリッド学習
★教室の強み、差別化として
★新たな収益源として
サービスの特長

特長１

教室ブランドでオンライン英会話スタート
特長２

英検に強い英会話レッスン
特長３

教室だけでなく自宅受講生を集客可能
相性が良くない塾・今後の改善点

一貫してオフラインの教育を重視する塾
オススメの活用法

★授業にオンラインレッスン組み込み
★教室と自宅学習のハイブリッドコース新設
★オンライン英会話コース新設
料金体系

詳細はお問い合わせください。
導入を検討されている方へのメッセージ

学習塾以外にも、英語教室やプログラミング教室など、様々な業態でご利用いただいております。
お気軽にお問い合わせください。",,,taxable,,1,,,0,0,,,,,1,,,,その他,"新規生徒の増加, 双方向リアルタイムオンライン授業を提供",,"https://edu-match.com/wp-content/uploads/english-gna-logo.webp, https://edu-match.com/wp-content/uploads/english-gna_01.webp",,,,,,,,,10